name,predint,test
/home/yonah/PDFdata/pdfnormal/002481a248aafec49df5c94dd8f57329091ceb48.pdf,0,0
/home/yonah/PDFdata/pdfnormal/002fcc40cc82cc906547c1608d173faa0d4d86da.pdf,0,0
/home/yonah/PDFdata/pdfnormal/004cb914f09acdca184cc17166bd61c6a488dcb5.pdf,0,0
/home/yonah/PDFdata/pdfnormal/0058a8ee044b833b4d0cee9993cb4175f145075c.pdf,0,0
/home/yonah/PDFdata/pdfnormal/00bc5bf4cd2e2154de0f01726717aec9c43cd0cb.pdf,1,1
/home/yonah/PDFdata/pdfnormal/00e8fd990836f1472c086d09618c3e748251e126.pdf,1,1
/home/yonah/PDFdata/pdfnormal/01532cd70ee277d6e8363dc90a7e833358fdd0ff.pdf,1,1
/home/yonah/PDFdata/pdfnormal/015eec29d7235cd5add2b266dc409f475e2707be.pdf,0,0
/home/yonah/PDFdata/pdfnormal/0160f70c259a4febcc88b8326f994e2f6144bcc4.pdf,1,1
/home/yonah/PDFdata/pdfnormal/01aa8162fd7c7910bae1416dfbd8efd0d2723f3d.pdf,0,0
/home/yonah/PDFdata/pdfnormal/01ae70e7839f29a5e138ab8869b1212fe2148026.pdf,1,1
/home/yonah/PDFdata/pdfnormal/01d025dad4ef16d50949b1a5aabfc164b84ff5a6.pdf,1,1
/home/yonah/PDFdata/pdfnormal/01e917ca69f6afe1ac13047308710399d9bc730b.pdf,0,0
/home/yonah/PDFdata/pdfnormal/02033ca114b0776334fa61ce327c3ad4cbdaac10.pdf,1,1
/home/yonah/PDFdata/pdfnormal/0224c5a5d33e08cd34143d1e87db32c1beebec5c.pdf,0,0
/home/yonah/PDFdata/pdfnormal/022cb96b7b151802dc7042159b99924f1b3c5620.pdf,0,0
/home/yonah/PDFdata/pdfnormal/0244f92b4889324bc0530c68db1d645947651691.pdf,1,1
/home/yonah/PDFdata/pdfnormal/02792f8c9fb6277ec946c529cacb136d56967610.pdf,1,1
/home/yonah/PDFdata/pdfnormal/0280c6380662bd9b1a6c0ea00c85e495dc66108e.pdf,1,1
/home/yonah/PDFdata/pdfnormal/02c704dd2332bdb85daabaa6e21675bf673ba057.pdf,1,1
/home/yonah/PDFdata/pdfnormal/030a5c8399f0a701ae93cf03533fb01e1cdbfae8.pdf,0,0
/home/yonah/PDFdata/pdfnormal/031a503f09656f15c2b0f33ad80caa878a418e05.pdf,0,0
/home/yonah/PDFdata/pdfnormal/03406c3d02e07c15ddcb71d85054ec8a5a2c578d.pdf,0,0
/home/yonah/PDFdata/pdfnormal/0351dc05e9804657d165d3414a1a5d806ceda21e.pdf,0,0
/home/yonah/PDFdata/pdfnormal/035c48b860ef860e5890221f29bbea08d60c0c9d.pdf,1,1
/home/yonah/PDFdata/pdfnormal/03ad6d35f50d7ac18055f182356c71926033ab97.pdf,1,1
/home/yonah/PDFdata/pdfnormal/03d389d998ee2f4e95f54d1a3e86d89e8bf9934f.pdf,1,1
/home/yonah/PDFdata/pdfnormal/03dd6efeb825cf3910d3b60c38b84153b93d5afb.pdf,1,1
/home/yonah/PDFdata/pdfnormal/03df05511e0db3f4cc847acb725987e5a50a0c6d.pdf,0,0
/home/yonah/PDFdata/pdfnormal/043d0fb1dc75d970d5474d96eef015e81b551d0a.pdf,0,0
/home/yonah/PDFdata/pdfnormal/04667898694a06e13a6891f76fa4af7983d0722d.pdf,0,0
/home/yonah/PDFdata/pdfnormal/04730037b8ad698ba55ee6fddc93c34324b99360.pdf,0,0
/home/yonah/PDFdata/pdfnormal/04d2197216fd256f650b090ea3a2249db466289f.pdf,1,1
/home/yonah/PDFdata/pdfnormal/04df122397e181920d0e99ede5a468eedf3829f6.pdf,0,0
/home/yonah/PDFdata/pdfnormal/0520117e8915d53bb5b058a99b9505d875aef4b7.pdf,1,1
/home/yonah/PDFdata/pdfnormal/0534628ac4c4a7165d5b1cff3be7bfc62335fb0f.pdf,1,1
/home/yonah/PDFdata/pdfnormal/0543ef98293ef0ebfa4894c4af9660186d3033e4.pdf,0,0
/home/yonah/PDFdata/pdfnormal/0571e300c89c0e0a1c76055b78083473eb066057.pdf,0,0
/home/yonah/PDFdata/pdfnormal/057e14781f62bafb95f6817a204cd6ab1c794648.pdf,1,1
/home/yonah/PDFdata/pdfnormal/057ed046ad2c6385eed680d951a9f303c0953089.pdf,0,0
/home/yonah/PDFdata/pdfnormal/059c3914645b06b8ccf93e827be9611e7cd9caaf.pdf,1,1
/home/yonah/PDFdata/pdfnormal/059f63b18eefddea7dd6bfe0dfba35a1041f2187.pdf,1,1
/home/yonah/PDFdata/pdfnormal/05af1f1bd8c064e2b11add0cd826bafa04651228.pdf,0,0
/home/yonah/PDFdata/pdfnormal/05bd59111d65f04e726e4bba4f0e2e13c35f77b2.pdf,0,0
/home/yonah/PDFdata/pdfnormal/05d6f344bc8ce8378393b3df05c653139306c205.pdf,1,1
/home/yonah/PDFdata/pdfnormal/05f3d3953c6d9e8ed6994ccf9656410510cdcafa.pdf,0,0
/home/yonah/PDFdata/pdfnormal/05f58384015f06344718da4f3705008700cce16d.pdf,1,1
/home/yonah/PDFdata/pdfnormal/05fd49660cbeef6ec7587a44b256a4566a66c01c.pdf,0,0
/home/yonah/PDFdata/pdfnormal/06b48d974df96e460b585b25d933e7858dec4dd2.pdf,1,1
/home/yonah/PDFdata/pdfnormal/06d644122b1fc7e755c305e4926b620278d5b009.pdf,1,1
/home/yonah/PDFdata/pdfnormal/06dee794d64898b81f0afba0d6d9b478b98f1fc4.pdf,1,1
/home/yonah/PDFdata/pdfnormal/06e919eeddb99f293f51aca8e83d6dd63471258c.pdf,1,1
/home/yonah/PDFdata/pdfnormal/070e482f6ebdcc51de8deeaf6adbc04fa7ffe07b.pdf,0,0
/home/yonah/PDFdata/pdfnormal/07343afead9342484ca2bbd1d8bcf6ce061a47dd.pdf,1,1
/home/yonah/PDFdata/pdfnormal/077ea6f6dae15bcf6fc41e646f382ca413cb2d19.pdf,1,1
/home/yonah/PDFdata/pdfnormal/07b470c3f97971de9f1d0333f50bafffa107da45.pdf,1,1
/home/yonah/PDFdata/pdfnormal/07bbb7c430f6d6d129fe53b8941aa78bffbec83a.pdf,1,1
/home/yonah/PDFdata/pdfnormal/07cb4d05e1c575ab171c25d2f6df8804d00ef76a.pdf,1,1
/home/yonah/PDFdata/pdfnormal/07dcfbdd3250af053daeed011adbdde3c87f51ca.pdf,1,1
/home/yonah/PDFdata/pdfnormal/07df43a757f77f4e38fbe58745d5cdebadce5721.pdf,0,0
/home/yonah/PDFdata/pdfnormal/080a373b28a5beeadd669102d79190ce55810554.pdf,0,0
/home/yonah/PDFdata/pdfnormal/08164bfb15f8b390fb6569493fdff1052256321f.pdf,0,0
/home/yonah/PDFdata/pdfnormal/0820fac1f45a124d4da1a164702ad539aa89302b.pdf,0,0
/home/yonah/PDFdata/pdfnormal/08501a654e904e5655d81ce97e2fc324de1d9642.pdf,0,0
/home/yonah/PDFdata/pdfnormal/08862d2fd94f734d13b99cb419f9ce25a9f94432.pdf,1,1
/home/yonah/PDFdata/pdfnormal/08953913438a7afce168a27be5fffac3efc24d2b.pdf,1,1
/home/yonah/PDFdata/pdfnormal/08d7fc2bd91b8ee5d9f5cf6e8059d8e628ac5441.pdf,1,1
/home/yonah/PDFdata/pdfnormal/090d9dec7e1f47257e58a85e4390ce2387310a32.pdf,1,1
/home/yonah/PDFdata/pdfnormal/09103c126062e5ef773be91ff797cf0f27e77327.pdf,0,0
/home/yonah/PDFdata/pdfnormal/0910f7180e134ef0822a8d7dcf6a9d24d0944449.pdf,1,1
/home/yonah/PDFdata/pdfnormal/0967d4a27a680124546fcd870cf9bbcc7d85954a.pdf,1,1
/home/yonah/PDFdata/pdfnormal/09998732c2d47d939834dc93dcb049a3da43715c.pdf,1,1
/home/yonah/PDFdata/pdfnormal/09d784a444299176259d75b368d028594cbea0ca.pdf,0,0
/home/yonah/PDFdata/pdfnormal/09f71332c5117a5845156c86e9dd2755d24fa9f6.pdf,0,0
/home/yonah/PDFdata/pdfnormal/0a152683c4131c9c82fd423bf8240ee52e23491e.pdf,1,1
/home/yonah/PDFdata/pdfnormal/0a19bc57cea594780abedbd9fd243704bd0a60a5.pdf,0,0
/home/yonah/PDFdata/pdfnormal/0a26c08053d004ec06a1564b09bdc4e0f1a37e26.pdf,1,1
/home/yonah/PDFdata/pdfnormal/0a28e9b8969d332a4033343d38802d384198e8ba.pdf,0,0
/home/yonah/PDFdata/pdfnormal/0a598ec690de71db28302431b37d901645003cea.pdf,1,1
/home/yonah/PDFdata/pdfnormal/0a61769bfb2427f72a11870ef6754ae59d595455.pdf,0,0
/home/yonah/PDFdata/pdfnormal/0a8a98692c4f4aa0de13353e5b2334dd424cf255.pdf,1,1
/home/yonah/PDFdata/pdfnormal/0a94e7a2d9852d4b55ec1a76b529acbf1d9ec917.pdf,0,0
/home/yonah/PDFdata/pdfnormal/0ab30f90ba87429b03bfac280aedcc256b0a0a39.pdf,0,0
/home/yonah/PDFdata/pdfnormal/0ac469ef33f311f417999ffefbfe12453f2356d9.pdf,0,0
/home/yonah/PDFdata/pdfnormal/0ac998d2a493efd67adae00d1051eae64f933564.pdf,1,1
/home/yonah/PDFdata/pdfnormal/0b3aab8130be1dbad6d5be68aab599d2d176fb7d.pdf,0,0
/home/yonah/PDFdata/pdfnormal/0b6e24b10fd1f6cc3462fc59003f90e5141cca6f.pdf,1,1
/home/yonah/PDFdata/pdfnormal/0b79603b1fc994ab5c2f8a03f167f01c24b14ba3.pdf,0,0
/home/yonah/PDFdata/pdfnormal/0b964f4c6d6fc993ce8016c5f1326978f49d457d.pdf,1,1
/home/yonah/PDFdata/pdfnormal/0bb0cc9fe15aef067acce2f4862cd3c4645134fe.pdf,1,1
/home/yonah/PDFdata/pdfnormal/0bd6140d3b3123d3608b33f8d00a6fcb291a0506.pdf,0,0
/home/yonah/PDFdata/pdfnormal/0c26ec1eeb913d5dc7a4d143441bb39590c0d9a0.pdf,1,1
/home/yonah/PDFdata/pdfnormal/0c2f0f118f44fc5c618b9fd15da96ebad11a9cb1.pdf,1,1
/home/yonah/PDFdata/pdfnormal/0c34fdd80d7ede12521b670904e46bc4a97b026f.pdf,1,1
/home/yonah/PDFdata/pdfnormal/0c473816bfa62ea5a4c54651eebe2a025609d751.pdf,0,0
/home/yonah/PDFdata/pdfnormal/0c5023cd0a5472e032215cb34555a3b5bdbdaed7.pdf,1,1
/home/yonah/PDFdata/pdfnormal/0c76a997948776cbea25d888f20988cdecfe22ff.pdf,0,0
/home/yonah/PDFdata/pdfnormal/0c7b9bc56fa8d489337cf36e6180af69f46f8fcf.pdf,0,0
/home/yonah/PDFdata/pdfnormal/0c85bb4d20b652004a662cf93fa458260fee494e.pdf,1,1
/home/yonah/PDFdata/pdfnormal/0ca25beab0fa84d82947505a4715958af541380c.pdf,1,1
/home/yonah/PDFdata/pdfnormal/0caac5a003e723c04d68a68088d86a4c87290079.pdf,0,0
/home/yonah/PDFdata/pdfnormal/0ce3d7c30656db4900d5e8f9bc9348f714666dc6.pdf,0,0
/home/yonah/PDFdata/pdfnormal/0cead0b7bbb2218cb8c88baf5c41d3ff94757ba2.pdf,0,0
/home/yonah/PDFdata/pdfnormal/0d3ce85c33d90b003e843504d2222a5079b92e71.pdf,1,1
/home/yonah/PDFdata/pdfnormal/0d78a21f88b44b48efdcba496ce945a6165c0267.pdf,1,1
/home/yonah/PDFdata/pdfnormal/0d85f8442bd61bec1e23d01c0839c2703c8d3ab1.pdf,1,1
/home/yonah/PDFdata/pdfnormal/0d8d8f97a1d91c6179c9ab241266029e17b12c39.pdf,0,0
/home/yonah/PDFdata/pdfnormal/0d90ce11bc7c9b0a4fc353983b2a938295754fef.pdf,1,1
/home/yonah/PDFdata/pdfnormal/0da1e760c46d75c412defe6ff916ddb57547d57f.pdf,1,1
/home/yonah/PDFdata/pdfnormal/0db136491c21a2cd35c7046d28c08dc9190a2204.pdf,0,0
/home/yonah/PDFdata/pdfnormal/0dbfaef3f4b9c4aa3e0149d6eabc5685054b1004.pdf,1,1
/home/yonah/PDFdata/pdfnormal/0dc4cb5916d68673866eb263184e241f52e5f5dc.pdf,0,0
/home/yonah/PDFdata/pdfnormal/0dc9f97a7308a4d815893a8763ba79163a239a62.pdf,0,0
/home/yonah/PDFdata/pdfnormal/0de68da78a4a13ac39b292b23e8ab3a64c5d08d8.pdf,0,0
/home/yonah/PDFdata/pdfnormal/0e0b16860fbb02cc1d9aac4f46007482e607c7c7.pdf,0,0
/home/yonah/PDFdata/pdfnormal/0e1c62e48463131f09cb570194e6d901e527539d.pdf,1,1
/home/yonah/PDFdata/pdfnormal/0e269d22b7fc9b724d82601cb9f2d7ef4a8b487d.pdf,1,1
/home/yonah/PDFdata/pdfnormal/0e72978826df85467749548be2c20505ca6e287e.pdf,1,1
/home/yonah/PDFdata/pdfnormal/0e8c6ed8570ca8f00d698426bf5bf09b2f6090c1.pdf,1,1
/home/yonah/PDFdata/pdfnormal/0ed13d09a842d24494344b483d38b08ad59292b5.pdf,0,0
/home/yonah/PDFdata/pdfnormal/0ee9f8ce6e371b71a69d426bf5ae7e08db4088a2.pdf,0,0
/home/yonah/PDFdata/pdfnormal/0f4de95286dbc62d30ba30b2e1d0dcad3440398a.pdf,1,1
/home/yonah/PDFdata/pdfnormal/0f54f61af0b81b265ed66ca432aa6255296e7017.pdf,1,1
/home/yonah/PDFdata/pdfnormal/0f6f68ef0e8d105dd370d8a825ec74012ae02dc2.pdf,1,1
/home/yonah/PDFdata/pdfnormal/0fa17be20017f4be5fe2afc6e5fe9195f1f70fe7.pdf,1,1
/home/yonah/PDFdata/pdfnormal/0fbfcca398bb5cf3bd254aa6b2795f89e3d25327.pdf,1,1
/home/yonah/PDFdata/pdfnormal/0fd92d50c9b45ae675286a6ba2f27aa6c575c455.pdf,1,1
/home/yonah/PDFdata/pdfnormal/0febc704afc47d8120a9eb2399eaa3d1ccf902cc.pdf,1,1
/home/yonah/PDFdata/pdfnormal/1021a098d5ead45e6b2f91d1ba3c9870f7ee481e.pdf,0,0
/home/yonah/PDFdata/pdfnormal/1061200dc0a9721f2c0546f8b0cc8a545716d380.pdf,1,1
/home/yonah/PDFdata/pdfnormal/1075b50db37c68547f9e3cfb29bc96e6cf706837.pdf,0,0
/home/yonah/PDFdata/pdfnormal/1080b23de1e775469667bbe6f2c9291d7dc358c2.pdf,1,1
/home/yonah/PDFdata/pdfnormal/10ed4a92c9bbf4e2ab62797f4e6108a28f98bbfe.pdf,0,0
/home/yonah/PDFdata/pdfnormal/110b5abaf692ac45dd08a7ad4c71359c07d9903f.pdf,0,1
/home/yonah/PDFdata/pdfnormal/11287f26b85d049b3270acc1058011a2e7bdf9a6.pdf,1,1
/home/yonah/PDFdata/pdfnormal/113bbbfba353103c51484cf5d2a482e4061e10e8.pdf,1,1
/home/yonah/PDFdata/pdfnormal/114ec1fc4dcdda4fe570b4c81ba4d1b4b1dffade.pdf,1,1
/home/yonah/PDFdata/pdfnormal/115425c1f284fecfc24efdaff9eb8dddb92c7e9f.pdf,0,0
/home/yonah/PDFdata/pdfnormal/116d7d483833f6e884cab2ad876b8717adc5108d.pdf,1,1
/home/yonah/PDFdata/pdfnormal/117138bedcdf33c1245473d21cf6db86d7eecd25.pdf,0,0
/home/yonah/PDFdata/pdfnormal/119446ff0d1c3e6627fdd0515553dc4de9b3e394.pdf,0,0
/home/yonah/PDFdata/pdfnormal/1222245b6c676e67c9314d7f1fe2e37112d4973d.pdf,1,1
/home/yonah/PDFdata/pdfnormal/123.pdf,1,1
/home/yonah/PDFdata/pdfnormal/12320956c203c88059dd65434d5f88e7f4024090.pdf,0,0
/home/yonah/PDFdata/pdfnormal/1259e05fb0b4f195757ad1dee3d001569afeb4cc.pdf,0,0
/home/yonah/PDFdata/pdfnormal/129fc07f017be71fb694626a9373cc4697a26be0.pdf,1,1
/home/yonah/PDFdata/pdfnormal/12d5dbd20161465d1e951d3757e6a61b21627af6.pdf,0,0
/home/yonah/PDFdata/pdfnormal/131a90f61c5163890c3e51ad90f4df03a2e1b1a5.pdf,0,0
/home/yonah/PDFdata/pdfnormal/1347ebb78876530d1fd9dcbde9dd77e2302f7bb5.pdf,0,0
/home/yonah/PDFdata/pdfnormal/1353786692ea00a684fe9e81cb8deb5ce690ad18.pdf,0,0
/home/yonah/PDFdata/pdfnormal/13780d60c6cede2707f7622a7611d03f481f4d03.pdf,1,1
/home/yonah/PDFdata/pdfnormal/13921b467f12b566abc12cc3daa0de360f82b2a8.pdf,1,1
/home/yonah/PDFdata/pdfnormal/13c17c7957ed2797c1defcd683a6e655a8039b4b.pdf,0,0
/home/yonah/PDFdata/pdfnormal/13e4aa46f04c5a82a1cc13d40fd4148635063545.pdf,0,0
/home/yonah/PDFdata/pdfnormal/13eac93cc0a81f5d45adc52ac77fb01fdba580d3.pdf,1,1
/home/yonah/PDFdata/pdfnormal/13ed6ebe63bf53cfd490c387a6545d7b048b4b2b.pdf,0,0
/home/yonah/PDFdata/pdfnormal/14009681adbd412934937bc08f0b7a9986715800.pdf,1,1
/home/yonah/PDFdata/pdfnormal/14095f4b0546b4d632f20801189e8d7a0fdb9956.pdf,0,0
/home/yonah/PDFdata/pdfnormal/141d2961f87eee599f41ba56a4e026799d3c6fd9.pdf,1,1
/home/yonah/PDFdata/pdfnormal/142098bf6cc5f33d5f8ce00080263966d305dcf8.pdf,1,1
/home/yonah/PDFdata/pdfnormal/14435db67bc54100ea6904a46a20f4019175620a.pdf,1,1
/home/yonah/PDFdata/pdfnormal/145919d906c29340d8c32ff4e680d4d4a55977b1.pdf,1,1
/home/yonah/PDFdata/pdfnormal/14978086f7da2e8578cef99699b360ef84e0086c.pdf,0,0
/home/yonah/PDFdata/pdfnormal/14f92cd2fe546e117220ae88457f10c99c3f3061.pdf,0,0
/home/yonah/PDFdata/pdfnormal/15313b5cd0df29480cfeaf66d0320ad701e3bb71.pdf,0,0
/home/yonah/PDFdata/pdfnormal/1545835016adeb9258801fe37fa3be607dc28862.pdf,0,0
/home/yonah/PDFdata/pdfnormal/1563b33d692f3dad07f0d394bf4070b33c8f87ff.pdf,1,1
/home/yonah/PDFdata/pdfnormal/156b0f3658d2e6f0ac09458baeb0e42c5108bb90.pdf,0,0
/home/yonah/PDFdata/pdfnormal/156bc79fb08e407520e61db83f3e3e5719556209.pdf,1,1
/home/yonah/PDFdata/pdfnormal/158b292983f1ee2d32879c2eb58284f2fdf54f31.pdf,1,1
/home/yonah/PDFdata/pdfnormal/159614690a671e10305337d15c9ca7966a0d280c.pdf,1,1
/home/yonah/PDFdata/pdfnormal/159f82965e92658ec51f9cf9ad37199bd8170c22.pdf,1,1
/home/yonah/PDFdata/pdfnormal/15b0d893f106ff58f120fc7f5bea478851d3a976.pdf,1,0
/home/yonah/PDFdata/pdfnormal/15c5c302678e847f495140737e22586a0287fa2e.pdf,1,1
/home/yonah/PDFdata/pdfnormal/15c5d3e48201a3f99ac1d0c60b1cf60b0859aa00.pdf,0,0
/home/yonah/PDFdata/pdfnormal/15e48f54e07c5b090e63a065084e4e697e08c7cb.pdf,0,0
/home/yonah/PDFdata/pdfnormal/15e615120fb4a05603dd1aa6ef594ed46fb6b088.pdf,1,1
/home/yonah/PDFdata/pdfnormal/15fbb85652ed5f0d2b62eeaf8b623cb743fd8b4a.pdf,0,0
/home/yonah/PDFdata/pdfnormal/1614110794fa806993e70eed891bb5a9f72f56c7.pdf,0,0
/home/yonah/PDFdata/pdfnormal/16652b9f11f6e6eb84f5d4866ddfa303b840ff05.pdf,0,0
/home/yonah/PDFdata/pdfnormal/16cfac833e724c4792f670e25b98c0c2f8700e71.pdf,0,0
/home/yonah/PDFdata/pdfnormal/16d0638d71afc3d7cda75833474e1220de771a6b.pdf,1,1
/home/yonah/PDFdata/pdfnormal/1721d92adc8a1fa18f57eb11f5d5948f3756440b.pdf,0,0
/home/yonah/PDFdata/pdfnormal/17770c93dcf7f17c20cd39948052cc8a3f304a42.pdf,0,0
/home/yonah/PDFdata/pdfnormal/17824b95df4a9ce43542018dde308fe7fb0b4bfa.pdf,0,0
/home/yonah/PDFdata/pdfnormal/1787624094de48209df45f69434bd1c6608ff8e5.pdf,0,0
/home/yonah/PDFdata/pdfnormal/178a3f12edc7b18a9d64ecc964e92e80b22a0b65.pdf,1,1
/home/yonah/PDFdata/pdfnormal/178c53ad08ec4304fd3e8c2bfa4b7e8984cce96b.pdf,1,1
/home/yonah/PDFdata/pdfnormal/17a3a465b7061a7b76f8d94209fce66ba6978471.pdf,1,1
/home/yonah/PDFdata/pdfnormal/17be1a7f6efda52dd6a294d61bcdb999b0c778e7.pdf,1,1
/home/yonah/PDFdata/pdfnormal/17fde49257b57aecb5c8482ac475b78608dc6d8f.pdf,0,0
/home/yonah/PDFdata/pdfnormal/182483bb2ed6bba2169d246373994079ddc600eb.pdf,1,1
/home/yonah/PDFdata/pdfnormal/1825819fb29caf5c6871f61ea0308fc6428b9336.pdf,0,0
/home/yonah/PDFdata/pdfnormal/186548323fd6b94812093398a3ff4395ebf81e77.pdf,1,1
/home/yonah/PDFdata/pdfnormal/18b68753926be7e28c289490be222e2df9bb9eab.pdf,1,1
/home/yonah/PDFdata/pdfnormal/18b7fcd3f9e33a219d81d0eb79f6895d9faa405a.pdf,0,0
/home/yonah/PDFdata/pdfnormal/18c649817ccb3149fdc9e545e5d9426e2d6349ad.pdf,1,1
/home/yonah/PDFdata/pdfnormal/18c8791688bd15611d9ea2ef71951a9c4357a266.pdf,1,1
/home/yonah/PDFdata/pdfnormal/18dab6f3c75d244e7485b9317425f5dadbdb71c5.pdf,0,0
/home/yonah/PDFdata/pdfnormal/18ee406ea07e77ec0b08b4599901eb81ab0ce132.pdf,0,0
/home/yonah/PDFdata/pdfnormal/18ef389a59f34807c9265cda23d3da4d26ffcaf3.pdf,0,0
/home/yonah/PDFdata/pdfnormal/18f9481bb5329587ffa7792ce5683bbe07164d42.pdf,0,0
/home/yonah/PDFdata/pdfnormal/192062d59dafd6a712fc28d610a56bb41f61a395.pdf,0,0
/home/yonah/PDFdata/pdfnormal/1945cedccf428d182c3bd6893f16948f2a0b69d2.pdf,0,0
/home/yonah/PDFdata/pdfnormal/194c24d15590a0cc6b39658db996eba85600cff8.pdf,1,1
/home/yonah/PDFdata/pdfnormal/1983562ad1543a02f43b13c779b3b50b30960a2e.pdf,0,0
/home/yonah/PDFdata/pdfnormal/1993726c7d87d5c6f49fe5665f18fe8b3c8c059b.pdf,1,1
/home/yonah/PDFdata/pdfnormal/1999c441372a6fad71e51d8b451abdef8848355f.pdf,1,1
/home/yonah/PDFdata/pdfnormal/19b262e281a152fd5d15d88acdb92ce2842a4797.pdf,0,0
/home/yonah/PDFdata/pdfnormal/19ebaa8773beef8f4ee573d884d300c1fa99b84d.pdf,0,0
/home/yonah/PDFdata/pdfnormal/19fbe7b2fe1312d6cfa4ba6b4ffe5e6996fa32ca.pdf,0,0
/home/yonah/PDFdata/pdfnormal/1a08cc02bad09a46e048ec4e48f231484481bb50.pdf,0,0
/home/yonah/PDFdata/pdfnormal/1a0cc02b21b53a99fcbcd174509c4f15975c8462.pdf,0,0
/home/yonah/PDFdata/pdfnormal/1a7394472dac38bf77f2a081c548e51b77268261.pdf,0,0
/home/yonah/PDFdata/pdfnormal/1aae893e2c6aa544e5aaa3a86ecab8070de41d72.pdf,0,0
/home/yonah/PDFdata/pdfnormal/1ab12630eee3b0a0435f5244e2f888f524a909c9.pdf,0,0
/home/yonah/PDFdata/pdfnormal/1ac278aac6109018316ed52b66e967202e075707.pdf,1,1
/home/yonah/PDFdata/pdfnormal/1acbfce911026f6b6de496c1f829057eb7a441cf.pdf,0,0
/home/yonah/PDFdata/pdfnormal/1ad06e41a83baf3956047359d63657d0fe179b3f.pdf,0,0
/home/yonah/PDFdata/pdfnormal/1ad15d58d3a3782e500c3f3375dad9f5fe34e17f.pdf,0,0
/home/yonah/PDFdata/pdfnormal/1ad3d4b86e1885e6a44be17af456bb3b36859afd.pdf,1,1
/home/yonah/PDFdata/pdfnormal/1af3c6f3de5ee2eedd104295a2f5c2e1a7ee0cf7.pdf,0,0
/home/yonah/PDFdata/pdfnormal/1b1e145565225560dfc884d61ded7d2703b50daf.pdf,0,0
/home/yonah/PDFdata/pdfnormal/1b27e519e64cf30dfa952d31b392d73d4b593bd6.pdf,0,0
/home/yonah/PDFdata/pdfnormal/1b3f148d5774fdc43344652b224a640b6219f961.pdf,1,1
/home/yonah/PDFdata/pdfnormal/1b71fdf7a0397ab203e9b274140ab025bdc3dc42.pdf,1,1
/home/yonah/PDFdata/pdfnormal/1b8c69d546b7ea212cfd96f9b479ee549b903d76.pdf,0,0
/home/yonah/PDFdata/pdfnormal/1bba720b7fe6b18467748bcbf60e7785f5506480.pdf,1,1
/home/yonah/PDFdata/pdfnormal/1bbe59afff593e39f3ac75cf9d65b585d684c6d6.pdf,1,1
/home/yonah/PDFdata/pdfnormal/1bd36fbd74cff590be4ea60872da978262e7de97.pdf,1,1
/home/yonah/PDFdata/pdfnormal/1bfb6b4d0ae43ed040c39db0a5e4052d18fa61cb.pdf,1,1
/home/yonah/PDFdata/pdfnormal/1c07d8b111e62d724b6de49fb3bcfff7dc5ad14d.pdf,0,0
/home/yonah/PDFdata/pdfnormal/1c084070a6fdbe43098d7a0cbac3aeddc35eb6a7.pdf,0,0
/home/yonah/PDFdata/pdfnormal/1c0c57ce48920dc13cb26e0272cf81f2ff3510d4.pdf,1,1
/home/yonah/PDFdata/pdfnormal/1c24cd48ab6136aac14c1362ecd5b2780359305c.pdf,1,1
/home/yonah/PDFdata/pdfnormal/1c4b92ccce2b29676ba386eb809b7374265b9e27.pdf,0,0
/home/yonah/PDFdata/pdfnormal/1c4f67ddc225667d9b09fe64c713de126aa80135.pdf,0,0
/home/yonah/PDFdata/pdfnormal/1c695093cc8d8faaeead47212b645538ff3d956f.pdf,1,1
/home/yonah/PDFdata/pdfnormal/1c74b234c5a94bc295e0b1a37f26bddc6e726467.pdf,1,1
/home/yonah/PDFdata/pdfnormal/1ca4d190fb31590f0bc3f0ce2afe5535af16ec4a.pdf,1,1
/home/yonah/PDFdata/pdfnormal/1cb92430b419547ca2e81fe1c67d4b803437907b.pdf,1,1
/home/yonah/PDFdata/pdfnormal/1cdcf471a561f67f38edddeba254926f6e56f828.pdf,1,1
/home/yonah/PDFdata/pdfnormal/1d2f8b7116cc995568b240af40c293e1939d7a38.pdf,0,0
/home/yonah/PDFdata/pdfnormal/1d38d96f73b63259bca25bf74099700396457d43.pdf,0,0
/home/yonah/PDFdata/pdfnormal/1d6699e5b2dba4a67d108086b27b977ce4043222.pdf,0,0
/home/yonah/PDFdata/pdfnormal/1dcb9c043e7e4642bceedc4b729b49468be3c131.pdf,1,1
/home/yonah/PDFdata/pdfnormal/1dfe49424641ffd0e71d55b3b605b3efce7099b6.pdf,1,1
/home/yonah/PDFdata/pdfnormal/1e2d70192e910b6e813d8a428640cd4030a9b1fd.pdf,0,0
/home/yonah/PDFdata/pdfnormal/1e3db96fda294e739630e14423c2f7550f3b3feb.pdf,1,1
/home/yonah/PDFdata/pdfnormal/1e481290ca0d67ee597ba978b6969e5f1584ab07.pdf,1,1
/home/yonah/PDFdata/pdfnormal/1e59ebd6853ef92c932ba81dab4b11aa46adcbde.pdf,0,0
/home/yonah/PDFdata/pdfnormal/1e83b9f2ad0f42adcfd326278f140f34bf7c7815.pdf,1,1
/home/yonah/PDFdata/pdfnormal/1eca5971bade93f789fba752d4f8f5fa758711e2.pdf,1,1
/home/yonah/PDFdata/pdfnormal/1ed9dfe42865734d09ba97a2770b81cf0eb0e135.pdf,0,0
/home/yonah/PDFdata/pdfnormal/1ee52ba3fc67ec8b922c00f0e166a97ee6599c43.pdf,0,0
/home/yonah/PDFdata/pdfnormal/1f31fc460345b69c44933b7e9b92bb09d65b3d4b.pdf,1,1
/home/yonah/PDFdata/pdfnormal/1f49fbee611fb9901068f5f0761ac8c065b0813e.pdf,0,0
/home/yonah/PDFdata/pdfnormal/1f59e84376b2acda296b1b431a16e5cd5dfb7da8.pdf,0,0
/home/yonah/PDFdata/pdfnormal/1f664f762022b433960ed386ecae4990aa211445.pdf,0,0
/home/yonah/PDFdata/pdfnormal/1f750d52fcde1688ca25892edc724767d50ea8ef.pdf,1,1
/home/yonah/PDFdata/pdfnormal/1f871ed1f1be659e48f2e7a4b184478a08524673.pdf,0,0
/home/yonah/PDFdata/pdfnormal/1fa03e46572193703a5c0b6bf73ce1149d0a5d6a.pdf,1,1
/home/yonah/PDFdata/pdfnormal/1fd1aeac138bb1d018a8e482547538279f77bdd7.pdf,1,1
/home/yonah/PDFdata/pdfnormal/20082b9d8e6793f2a1d7708f7c56fe52b121a40b.pdf,1,1
/home/yonah/PDFdata/pdfnormal/201440555329d79a5a28cd03573589d37b456653.pdf,0,0
/home/yonah/PDFdata/pdfnormal/20551c8986bd9cc5ea53840634f26fc478972d1a.pdf,1,1
/home/yonah/PDFdata/pdfnormal/205b05a81f601a297929039425294f37c99bcb49.pdf,0,0
/home/yonah/PDFdata/pdfnormal/205fed9e821bb01901a1464d61d514e3a6afc792.pdf,0,0
/home/yonah/PDFdata/pdfnormal/2081f59ebbb6f76b0636155d347a19931e2498a6.pdf,0,0
/home/yonah/PDFdata/pdfnormal/208ad56f0890e74bc8e36701a4673c878012a1e6.pdf,1,1
/home/yonah/PDFdata/pdfnormal/209e68719d40887404246953a97f956311661e93.pdf,0,0
/home/yonah/PDFdata/pdfnormal/20aa6c07297bb71abab3c71837a7dd97ac6c8096.pdf,0,0
/home/yonah/PDFdata/pdfnormal/20c27943951d8b62312e489e033fdc1d87942178.pdf,1,1
/home/yonah/PDFdata/pdfnormal/20ca363f30f227ad562573f3cdcd47480f5e1c46.pdf,0,0
/home/yonah/PDFdata/pdfnormal/20d23e9462f156ec763c66a05bbd91789f9c28ad.pdf,1,1
/home/yonah/PDFdata/pdfnormal/20e9066644c740bfd077a6776fa89d5ef0f01fc4.pdf,0,0
/home/yonah/PDFdata/pdfnormal/20ea1d7c920f7c136496534eb288468b03dd024c.pdf,1,1
/home/yonah/PDFdata/pdfnormal/210aee3bcdc29a6a6a52b5ca380c12306b49c26d.pdf,0,0
/home/yonah/PDFdata/pdfnormal/211cb62c6fe9b77853f8fc250d1d9ed9f9cec87d.pdf,1,1
/home/yonah/PDFdata/pdfnormal/21e08c59a7825c484e189381e44930f6c92d4532.pdf,1,1
/home/yonah/PDFdata/pdfnormal/21f7f5d207d71938ddc5cee65785c1561c0e2d0d.pdf,0,0
/home/yonah/PDFdata/pdfnormal/22756265d4e1544e46259b9fb13c7b5b0762134b.pdf,1,1
/home/yonah/PDFdata/pdfnormal/2286c48fe4cf9d848a989115ac1f6b64af1f2b4d.pdf,0,0
/home/yonah/PDFdata/pdfnormal/229650e624b4e6c1529165aa85f7d6519a6f03d0.pdf,1,1
/home/yonah/PDFdata/pdfnormal/22eea4602865b9f8020a83f9af9c1ff334a79566.pdf,1,1
/home/yonah/PDFdata/pdfnormal/22f09d2777c30bbdeaebe8a31f94457bf88ee827.pdf,0,0
/home/yonah/PDFdata/pdfnormal/22f32fd56cc912d6715c597c9505d3e5048b44cc.pdf,0,0
/home/yonah/PDFdata/pdfnormal/22faedbe101b6397b13e30c48b66109176a0b01c.pdf,1,1
/home/yonah/PDFdata/pdfnormal/232633520642cc1e576ebf158effca0eb83a7c67.pdf,1,1
/home/yonah/PDFdata/pdfnormal/2327ad6f237b37150e84f0d745a05565ebf0b24d.pdf,1,1
/home/yonah/PDFdata/pdfnormal/23690e30f9e388c11595501320148b5d76f791f5.pdf,1,1
/home/yonah/PDFdata/pdfnormal/237c813fc03ee5dceae989d4826b29cdfcee8001.pdf,1,1
/home/yonah/PDFdata/pdfnormal/23c116a420d3c3fc26b340e5e5cbb57f6b46b4a6.pdf,0,0
/home/yonah/PDFdata/pdfnormal/23dff098c8967059f493d3380afd63987f5804a0.pdf,1,1
/home/yonah/PDFdata/pdfnormal/23e240848aab445d99764f925d0ab169335381df.pdf,1,1
/home/yonah/PDFdata/pdfnormal/23e9342ca45f7fb41a81d0f00ee55ab13bfbb8b6.pdf,0,0
/home/yonah/PDFdata/pdfnormal/23f15f0700620129eb1c6aabb712e957d45bce8c.pdf,0,0
/home/yonah/PDFdata/pdfnormal/24330d73bf30aac5b6bfa7d574742a5a9e43d873.pdf,1,1
/home/yonah/PDFdata/pdfnormal/24637130a4faf14b9462278e045299cb03445302.pdf,1,1
/home/yonah/PDFdata/pdfnormal/247e1cc2832f28ab23daaf15d56b0d0c21526f26.pdf,1,1
/home/yonah/PDFdata/pdfnormal/248c7c25534a83df04b609e25af1a4b53719f1f7.pdf,1,1
/home/yonah/PDFdata/pdfnormal/24a9062257e02c8183601b59932a3f4f0cfb345a.pdf,1,1
/home/yonah/PDFdata/pdfnormal/24adf21670fe7a04c75d4fd6ef67bbccde9a9c3e.pdf,1,1
/home/yonah/PDFdata/pdfnormal/24eca6c669a9e64c153b63c95f69de5a16d247a3.pdf,1,1
/home/yonah/PDFdata/pdfnormal/25787b648da76aac0a344f4161005420f14b3114.pdf,1,1
/home/yonah/PDFdata/pdfnormal/25827bad0b68be77d6464689d75204f7db871a18.pdf,0,0
/home/yonah/PDFdata/pdfnormal/25a4f94f186f9d918f7f6fd1c92272acf9b958c4.pdf,1,1
/home/yonah/PDFdata/pdfnormal/25c53fc70820594774c23ea57368e748e59cc13d.pdf,0,0
/home/yonah/PDFdata/pdfnormal/25c6b77ada47ddb6fa40d1f4d57ad65defb34f8d.pdf,1,1
/home/yonah/PDFdata/pdfnormal/25ebb7dd471601eb510feee293c387bd8457a3d7.pdf,1,1
/home/yonah/PDFdata/pdfnormal/2626bdcc0f25158a85ac909b3a33caa100a72a39.pdf,0,0
/home/yonah/PDFdata/pdfnormal/2652b839adedaa7a4f5b001eca79d906bc3342b2.pdf,0,0
/home/yonah/PDFdata/pdfnormal/266d9e63685dd1322fc1d72aeb0e1dc9a1d30899.pdf,0,0
/home/yonah/PDFdata/pdfnormal/266e60de2abac644c2c7c24a89e9c702dce19367.pdf,1,1
/home/yonah/PDFdata/pdfnormal/26aae610bab4f34b4af1b6e0593babe91edbeb48.pdf,0,0
/home/yonah/PDFdata/pdfnormal/26d8ce2b73eb6ac0dd2014548cc2c4d5b6e28aee.pdf,0,0
/home/yonah/PDFdata/pdfnormal/26fa9791ae14e4149f00ea794915add9adcd6bbd.pdf,0,0
/home/yonah/PDFdata/pdfnormal/2725997ba4633f43969645c0fdb53dbc740f6c9e.pdf,0,0
/home/yonah/PDFdata/pdfnormal/2753de3d1105861ad7e4d8c17c1fff530d876d18.pdf,1,1
/home/yonah/PDFdata/pdfnormal/27886ddb8ba712ee698188b6a3363c2c5bc4ab43.pdf,0,0
/home/yonah/PDFdata/pdfnormal/279307ca113b8f2c1a4dcc1c1c3a2291c39ab52a.pdf,0,0
/home/yonah/PDFdata/pdfnormal/27959b3c47745b1700e35f8247a8c98eb055e575.pdf,0,0
/home/yonah/PDFdata/pdfnormal/279e4d97062c2d8a7704d9372401d26ede6cd7f9.pdf,1,1
/home/yonah/PDFdata/pdfnormal/27c05e027e9fa5ce27589029d8268b6399f9afd7.pdf,1,1
/home/yonah/PDFdata/pdfnormal/27d94392a3b137f7748f295c989aa1b4518f67ee.pdf,0,0
/home/yonah/PDFdata/pdfnormal/282690f6443d7ed85a596f814d25894eb909bac9.pdf,0,0
/home/yonah/PDFdata/pdfnormal/2826bdf46daee40f9a14ccddee68af700ea42709.pdf,1,1
/home/yonah/PDFdata/pdfnormal/2853cb23440fa58504c79358329de40fba029c8b.pdf,1,1
/home/yonah/PDFdata/pdfnormal/287618284266b032add6c7819d58a950ca21018c.pdf,1,1
/home/yonah/PDFdata/pdfnormal/28a87ae193d1a6b58f4491b452374734234fd689.pdf,1,1
/home/yonah/PDFdata/pdfnormal/28b7f37b729400eedfbaca4d588ad7c5b64b9c6f.pdf,1,1
/home/yonah/PDFdata/pdfnormal/28c570e02f9c2a42bb400a447d897968f3dcbf4b.pdf,0,0
/home/yonah/PDFdata/pdfnormal/28d589e525a9ec000f835d181462effee85e4303.pdf,0,0
/home/yonah/PDFdata/pdfnormal/28efcc8b40b28394d8cf8c157f5adb2efce5ad37.pdf,0,0
/home/yonah/PDFdata/pdfnormal/2907349a8283c51e34da80c2f51b5ff3af06838f.pdf,0,0
/home/yonah/PDFdata/pdfnormal/29130c862bfc2cad0d3470cda668b590fb035f8f.pdf,0,0
/home/yonah/PDFdata/pdfnormal/29a3aba92a2b07454b97ce2769737a7d67ec1ebe.pdf,1,1
/home/yonah/PDFdata/pdfnormal/29b41a6fe43fe77d0a270a3478dce1991479c3b0.pdf,1,1
/home/yonah/PDFdata/pdfnormal/29d211b3a21e907e03c6bb2d163a9e8e6d140df7.pdf,1,1
/home/yonah/PDFdata/pdfnormal/2a21fe69b75c6f8ce7155d9100b5af179ef2ac53.pdf,1,1
/home/yonah/PDFdata/pdfnormal/2a3631ae99daf9f1481d32d136b07fc97461d813.pdf,1,1
/home/yonah/PDFdata/pdfnormal/2a4e32f111a533279693e1278794f9be42a3604e.pdf,0,0
/home/yonah/PDFdata/pdfnormal/2aa67f097155290604fb5700b6b72712a33fd2aa.pdf,1,1
/home/yonah/PDFdata/pdfnormal/2ab009366f027a1d871e081b9f58223e776bdd65.pdf,0,0
/home/yonah/PDFdata/pdfnormal/2ab9d5615a51e05c745caf8881dff5a328487d48.pdf,1,1
/home/yonah/PDFdata/pdfnormal/2b2b78bbf5a622a89fa44d9b1af1b622c4ef5123.pdf,0,0
/home/yonah/PDFdata/pdfnormal/2b410bd11df4cc7dc2108487b29ff05813a0be30.pdf,1,1
/home/yonah/PDFdata/pdfnormal/2b530eadaff30639cd6d2dfe54f17ce397cf721b.pdf,0,0
/home/yonah/PDFdata/pdfnormal/2b5d66efad3c517edd81327c5858aa8e6119684a.pdf,0,0
/home/yonah/PDFdata/pdfnormal/2b5eea44cc9f86bfca63b8dfad0ecdfbd3e9602b.pdf,1,1
/home/yonah/PDFdata/pdfnormal/2b625c4448a47fac50afa6eb6c875e51c6e166c0.pdf,1,1
/home/yonah/PDFdata/pdfnormal/2bb98025c0b5bc6adf8428175ab2fb4bb09b8764.pdf,0,0
/home/yonah/PDFdata/pdfnormal/2be66575df7447d4c27b500d4a664e453e2ade44.pdf,0,0
/home/yonah/PDFdata/pdfnormal/2c5a5f7f7bb4662e7df1a98238a67f294d8b444c.pdf,1,1
/home/yonah/PDFdata/pdfnormal/2c6503c0587c79b9e413f3fe533c801902ad4705.pdf,0,0
/home/yonah/PDFdata/pdfnormal/2c67568a1aba8f627db894b28368e06bb8816484.pdf,1,1
/home/yonah/PDFdata/pdfnormal/2c6c071459cf7b14c467bc4d3ea4a6257445c29b.pdf,0,0
/home/yonah/PDFdata/pdfnormal/2ca9499cd59d6442b996ba10421b59a9ab2ecf40.pdf,1,1
/home/yonah/PDFdata/pdfnormal/2d02e3084fb0e7d40c2f24e34a62a37f38cc9986.pdf,0,0
/home/yonah/PDFdata/pdfnormal/2d07f987c282855d6daef0744760b67e01cb85a9.pdf,1,1
/home/yonah/PDFdata/pdfnormal/2d4c9b345a8815f7433292cbaf1f3229df330aa8.pdf,0,0
/home/yonah/PDFdata/pdfnormal/2d5ad60a2e6ac5d95e8d02502e290c4323c693e7.pdf,1,1
/home/yonah/PDFdata/pdfnormal/2d645b330ab24c764bb8ebe98d527016d314d9ce.pdf,1,1
/home/yonah/PDFdata/pdfnormal/2d9fb3e95445b6d5cbac106599ad9169a8e33ba6.pdf,1,1
/home/yonah/PDFdata/pdfnormal/2da53e7be1c628ac495b97be184aa8ed28d53f8e.pdf,1,1
/home/yonah/PDFdata/pdfnormal/2dd6fd38e1e252e9bac5e645023715b162138eba.pdf,1,1
/home/yonah/PDFdata/pdfnormal/2df5f6d49cb238eab94efb7c5960f70a922cc8e5.pdf,0,0
/home/yonah/PDFdata/pdfnormal/2e0bbcf21f3209bb91205e432010b2b5dc690e0b.pdf,1,1
/home/yonah/PDFdata/pdfnormal/2e469e11308d08f909f67ae834a08101af294772.pdf,1,1
/home/yonah/PDFdata/pdfnormal/2e7fdc2c03c83e199827482da200445ba653a88b.pdf,0,0
/home/yonah/PDFdata/pdfnormal/2e83289e8644937e8159b693e2f23ac5a28452a2.pdf,1,1
/home/yonah/PDFdata/pdfnormal/2e9a24889fbc0105a193c391c64d150752602b32.pdf,1,1
/home/yonah/PDFdata/pdfnormal/2ec32f3cc6f7fbae37814c5aae53e8755d6ffc64.pdf,0,0
/home/yonah/PDFdata/pdfnormal/2ec421f48167e6956518006dcd57a46f4ce27439.pdf,1,1
/home/yonah/PDFdata/pdfnormal/2f06788d85cd1cf90eadc69bb967f819fab2f5fc.pdf,1,1
/home/yonah/PDFdata/pdfnormal/2f38cad6e5ec0a0d1a9489a1b5cce9539f4990bc.pdf,0,0
/home/yonah/PDFdata/pdfnormal/2f40b3a1d233343610c6f3e699c01448927daaa4.pdf,0,0
/home/yonah/PDFdata/pdfnormal/2f5cf07f939d3d9d1b6de9e9c0bf0b20b5537aa8.pdf,0,0
/home/yonah/PDFdata/pdfnormal/2f96cd823a08118b0e807dec99ace3644bf1e53a.pdf,0,0
/home/yonah/PDFdata/pdfnormal/2fb3fca10eb4f3fa68043c3c0ad2cccb82c788bd.pdf,1,1
/home/yonah/PDFdata/pdfnormal/2fc660491aae6ef53c9df0738d4f87dd8af3154a.pdf,0,0
/home/yonah/PDFdata/pdfnormal/2fde94b0fe48f782359e4a6b7ad2ad6c7519924a.pdf,1,1
/home/yonah/PDFdata/pdfnormal/2fdf165161996ed1b74a900a49e4ce446625a718.pdf,1,1
/home/yonah/PDFdata/pdfnormal/300d211201c8519480db2dc6a822e43f87182d5a.pdf,0,0
/home/yonah/PDFdata/pdfnormal/301aed92707416d6ef9cba3b0552055727a90158.pdf,0,0
/home/yonah/PDFdata/pdfnormal/30341b0254aef55ae7668b63acf210426988a9bf.pdf,1,1
/home/yonah/PDFdata/pdfnormal/308a4f2ddd6421545c659bbcc276c48b00a573e3.pdf,0,0
/home/yonah/PDFdata/pdfnormal/309c929ee56d9306f4516515d303bf39f66bf67d.pdf,0,0
/home/yonah/PDFdata/pdfnormal/30c24e3b7c24df1cae95007c2472ac64d19827f1.pdf,0,0
/home/yonah/PDFdata/pdfnormal/312750292f13345ed7a2a41ab3a8c5d7106849a9.pdf,1,1
/home/yonah/PDFdata/pdfnormal/313d7bc105551ae5ad4493cab1b8e055f522aa77.pdf,1,1
/home/yonah/PDFdata/pdfnormal/3154216e0a4871ccbb2ddce5afefc224583124e3.pdf,0,0
/home/yonah/PDFdata/pdfnormal/3173cbae99819ce5e454f4131c7654ac4f9a062b.pdf,1,1
/home/yonah/PDFdata/pdfnormal/31859956b3b70bbb34992d5edc6c40d02fff1a20.pdf,0,0
/home/yonah/PDFdata/pdfnormal/31c56ffeb028817cbbb7b74c5708e72b9c9ed850.pdf,1,1
/home/yonah/PDFdata/pdfnormal/31e0d476c86a4cf160ee40e47166b1e1f9a20d40.pdf,0,0
/home/yonah/PDFdata/pdfnormal/320b2a08c5a1711f8906821c8182c79712568f15.pdf,1,1
/home/yonah/PDFdata/pdfnormal/32192959bb4125c9e405e5ce41c6ce48138530cc.pdf,1,1
/home/yonah/PDFdata/pdfnormal/3237a4bdd34011b78d478a1e59521f2fcfed9e2b.pdf,0,0
/home/yonah/PDFdata/pdfnormal/3237ac409b69d2aa33cb0e11f8bd47d8f573c7ac.pdf,1,1
/home/yonah/PDFdata/pdfnormal/3276f8a0a96d0dcaacbe5e91dab2752ffb1c6a61.pdf,1,1
/home/yonah/PDFdata/pdfnormal/32adea02ffdbe74938c8cedf023d5a0396f40db8.pdf,0,0
/home/yonah/PDFdata/pdfnormal/3336de8083312832ba5bd159c9b6ba19c58781a7.pdf,1,1
/home/yonah/PDFdata/pdfnormal/33689b65c7278fe70a08e355e7b8a871f24fad65.pdf,1,1
/home/yonah/PDFdata/pdfnormal/3383eb7bb38c742f89077e75e0ed34d6ac5e3dff.pdf,1,1
/home/yonah/PDFdata/pdfnormal/3395445eb73ead872d3e319e60b117be3fd17359.pdf,1,1
/home/yonah/PDFdata/pdfnormal/33f45a650dc64ad11afa4e9bca45c15ddb9aa022.pdf,0,0
/home/yonah/PDFdata/pdfnormal/33f611fd5b467bafdb710132da3bc78165e16bc8.pdf,0,0
/home/yonah/PDFdata/pdfnormal/34d0a5277b420e747d536a033d45fde73944af58.pdf,0,0
/home/yonah/PDFdata/pdfnormal/34d5f8a299b56d863627911846db4779a05f1459.pdf,1,1
/home/yonah/PDFdata/pdfnormal/34e3a276ae9248d823f682fbbeb5505fd621489d.pdf,0,0
/home/yonah/PDFdata/pdfnormal/3505aa38e17871c7d81cfb876b7cb4fddbb8bda7.pdf,0,0
/home/yonah/PDFdata/pdfnormal/3542b78fe0d6cfea7890a101d1059c2ca655b204.pdf,0,0
/home/yonah/PDFdata/pdfnormal/356af77ab217dd1eec0e27a21e98fe77893f2dc7.pdf,0,0
/home/yonah/PDFdata/pdfnormal/357e15e65048054faa7ed6b0db9505ffd0447bd3.pdf,1,1
/home/yonah/PDFdata/pdfnormal/35877c44b7f2540b82c90f99be89d92c7e828f86.pdf,0,0
/home/yonah/PDFdata/pdfnormal/35a836c569d33a0e9cbef2fac6312b9d8ed6213d.pdf,1,1
/home/yonah/PDFdata/pdfnormal/35a8e95a7cdf172784af926d27edd45aae4f4cd2.pdf,0,0
/home/yonah/PDFdata/pdfnormal/35e3433448cd37e13844f312065c3529ee2b4acb.pdf,0,0
/home/yonah/PDFdata/pdfnormal/3620da6e0de3c3efc87b7402a3fb4bf209ed81e3.pdf,0,0
/home/yonah/PDFdata/pdfnormal/36738d93f8f006e86f813e422bfa3c8823b7d9cd.pdf,0,0
/home/yonah/PDFdata/pdfnormal/367dd95ebf5bc7eb3255c265deab182f6fa4800d.pdf,0,0
/home/yonah/PDFdata/pdfnormal/36836176cb53ba20468aff9ead53c6066856a3d2.pdf,0,0
/home/yonah/PDFdata/pdfnormal/36acb9d760ef4a50408359e4121746a67422e470.pdf,0,0
/home/yonah/PDFdata/pdfnormal/36b76fa9b835ca1b5fcbe9f210fccc5cad53461e.pdf,1,1
/home/yonah/PDFdata/pdfnormal/36c9df50715e1f1108c2ffd055726e4073847835.pdf,1,1
/home/yonah/PDFdata/pdfnormal/36e867ff1aa9778af4ff18869a90d090165565de.pdf,1,1
/home/yonah/PDFdata/pdfnormal/371a2854331014e2c54d4fff1ee3ff50957e6422.pdf,0,0
/home/yonah/PDFdata/pdfnormal/3732b2759c7811b35d14a818fcb13e856d6661ed.pdf,1,1
/home/yonah/PDFdata/pdfnormal/374543e23aaea379ff2d7efaa7e7e3fb4eca9278.pdf,1,1
/home/yonah/PDFdata/pdfnormal/37495ac19f78a2b379936f6bc595b3a1ed3a180d.pdf,1,1
/home/yonah/PDFdata/pdfnormal/37906a5af2409de41ce684587440665f6e4d22a5.pdf,0,0
/home/yonah/PDFdata/pdfnormal/3792c70f17856ec7e7473955dccf5f4be997e379.pdf,1,1
/home/yonah/PDFdata/pdfnormal/37bb403ec8dea303159569b052b9d7a8cc7434fe.pdf,1,1
/home/yonah/PDFdata/pdfnormal/37de022089f2a492ea0e2edb62db82ef3ed2a8cf.pdf,1,1
/home/yonah/PDFdata/pdfnormal/3800223cc950ec2972ab0eaf9b862aa4d2e0d287.pdf,0,0
/home/yonah/PDFdata/pdfnormal/381f3b7f9930a5414a8beadbb2eec881c983c8ac.pdf,1,1
/home/yonah/PDFdata/pdfnormal/382c61e2ed757224fd868683700ed99723b9add7.pdf,1,1
/home/yonah/PDFdata/pdfnormal/387b1a81f120636008054fb061b00fb12590d4ed.pdf,0,0
/home/yonah/PDFdata/pdfnormal/389c490ee31105d8cc3786fc583db6bedc7ce70c.pdf,0,0
/home/yonah/PDFdata/pdfnormal/39195bd7b1a28f18519267d3e40903a940945b4d.pdf,0,0
/home/yonah/PDFdata/pdfnormal/393f5c7881a25f7cd8e729ee27815df949a2f6cd.pdf,1,1
/home/yonah/PDFdata/pdfnormal/39846f3b3cfae489919e4e033f3869cd9f18222c.pdf,0,0
/home/yonah/PDFdata/pdfnormal/3990ea04dfd9652db11d23aa94613c142e872c59.pdf,1,1
/home/yonah/PDFdata/pdfnormal/39a8d3f4a567646db9e5e0498b499049b52c564e.pdf,1,1
/home/yonah/PDFdata/pdfnormal/39f42bf694b64b7960407c8e18a4aae05d88f99e.pdf,1,1
/home/yonah/PDFdata/pdfnormal/3a0830454ba0c6ed3abdd6ba9567fcf1c7e0530b.pdf,0,0
/home/yonah/PDFdata/pdfnormal/3acbaec6cf967e2808c34f5f55bd1b2282353bf4.pdf,1,1
/home/yonah/PDFdata/pdfnormal/3add6e5e31d6a5cf73a0576eadeb8ee8440a4dc1.pdf,1,1
/home/yonah/PDFdata/pdfnormal/3b3912bc13964f2875da978899d4487df366a1e8.pdf,0,0
/home/yonah/PDFdata/pdfnormal/3b406f90f05baa66a31420eb567f1c11ed3b2081.pdf,0,0
/home/yonah/PDFdata/pdfnormal/3b7d34a450d1f462cd2e0a7974f17f9e001da725.pdf,1,1
/home/yonah/PDFdata/pdfnormal/3b833c2476a725f77fc44155a4ffddf4ffb47bcd.pdf,0,0
/home/yonah/PDFdata/pdfnormal/3b88e35806ea14ad52a7258748d7fd279e7dff24.pdf,0,0
/home/yonah/PDFdata/pdfnormal/3ba1a77f9136065b0d39d7a455e52c662a11fe58.pdf,1,1
/home/yonah/PDFdata/pdfnormal/3bb0e6730f8dd7077fd820096ad61fcb13a7f0e3.pdf,0,0
/home/yonah/PDFdata/pdfnormal/3bbd123a33ae5d77e39e1f72d47bd73da3e7261b.pdf,0,0
/home/yonah/PDFdata/pdfnormal/3be7a64f138af1ae1385bd861d14f0cbc5e9b00a.pdf,0,0
/home/yonah/PDFdata/pdfnormal/3c17bba945f05bdf2de00ecc7f000b6ea62f1d3c.pdf,1,1
/home/yonah/PDFdata/pdfnormal/3c6c90589a0123d8985bb2bebe5193e03218bba2.pdf,0,0
/home/yonah/PDFdata/pdfnormal/3c7bf1eac795632c0910dac76758aba51d009a62.pdf,1,1
/home/yonah/PDFdata/pdfnormal/3c8458e3f7678f033bc15301d21e08393a492b25.pdf,0,0
/home/yonah/PDFdata/pdfnormal/3c9844194ec1a9e796b71efac33fc5439726b3aa.pdf,1,1
/home/yonah/PDFdata/pdfnormal/3cbdd8b20e547339e3a18d930dc0bcdb5b2a3828.pdf,0,0
/home/yonah/PDFdata/pdfnormal/3ccd789d84b4a8e141c43c47adff49c37b7dc960.pdf,1,1
/home/yonah/PDFdata/pdfnormal/3ce020dba5ca83562a8619224709dc7d62258519.pdf,1,1
/home/yonah/PDFdata/pdfnormal/3ce42edd29995f8b2ef5443653e0c50555c2c235.pdf,0,0
/home/yonah/PDFdata/pdfnormal/3d0b16cd10e4ab8345c53c0f0eb9658389c54b5e.pdf,0,0
/home/yonah/PDFdata/pdfnormal/3d1c4f6c2ea750b3ac38df4fc71e51f99c8aad00.pdf,1,1
/home/yonah/PDFdata/pdfnormal/3d4a9a2f01565bb731362ec71181d03c9e5bec84.pdf,1,1
/home/yonah/PDFdata/pdfnormal/3d55e30cdd7509001dc7695a5a7b862d269b4b89.pdf,1,1
/home/yonah/PDFdata/pdfnormal/3d579473599bdd46f44bf5569d6d318a4b94c507.pdf,0,0
/home/yonah/PDFdata/pdfnormal/3d6a627e5b9ff26971ee6ec1e532514aed8f6919.pdf,0,0
/home/yonah/PDFdata/pdfnormal/3d6e2316b95decb42b6b07900e4585a22c032c9d.pdf,1,1
/home/yonah/PDFdata/pdfnormal/3d7ef6818857dbcd7ea867bc9be0b993c12e41ed.pdf,0,0
/home/yonah/PDFdata/pdfnormal/3dbfa1a819ef1dfafbaa1270e7f5e1eb7f2a9259.pdf,1,1
/home/yonah/PDFdata/pdfnormal/3dd7622ae4f9207d59786c5da5147d1bc69b3201.pdf,0,0
/home/yonah/PDFdata/pdfnormal/3e24b1bd169d36b86ca929e3e7d5d24e0c9dcb34.pdf,1,1
/home/yonah/PDFdata/pdfnormal/3e2d32dca2b942b385d306a4d0ac00b24dc30a54.pdf,1,1
/home/yonah/PDFdata/pdfnormal/3e6403c035a03199e4ac4ded49f496420e0bbf6b.pdf,0,0
/home/yonah/PDFdata/pdfnormal/3e7540e5f62d31589063e1b58f7027f99ec455d9.pdf,0,0
/home/yonah/PDFdata/pdfnormal/3e79ca836e8acd79d8c971ce1b9d15287880fc47.pdf,1,1
/home/yonah/PDFdata/pdfnormal/3eb551574238316c55674cfa6811c0f58abdebb0.pdf,1,1
/home/yonah/PDFdata/pdfnormal/3ef6fd0013fdd44defe62e0b76ca9f34393f8962.pdf,0,0
/home/yonah/PDFdata/pdfnormal/3ef99dd1fba702930cc63eb6ff2375faf17086a0.pdf,0,0
/home/yonah/PDFdata/pdfnormal/3f03f279a57104e090d8d9443e7cd89742e39591.pdf,1,1
/home/yonah/PDFdata/pdfnormal/3f0b74b9cdada20c142c77f10a21a76040064027.pdf,0,0
/home/yonah/PDFdata/pdfnormal/3fb3a03fb60340c1ef6be601d8085f9b08a7d150.pdf,1,1
/home/yonah/PDFdata/pdfnormal/3fc8941ab313becb977ecb0ad72f46c460aae630.pdf,0,0
/home/yonah/PDFdata/pdfnormal/4006d5bac05f51a57ba0ec0189d1f53554301393.pdf,0,0
/home/yonah/PDFdata/pdfnormal/404db66fbbcd165bf940dcf587a7873b807c583f.pdf,1,1
/home/yonah/PDFdata/pdfnormal/40a83e29608646f19e9e723804e999f4782ebfac.pdf,1,1
/home/yonah/PDFdata/pdfnormal/40accd7fd9bae0da0bc958f1b73726dac212944c.pdf,0,0
/home/yonah/PDFdata/pdfnormal/40c9f925620e5b07c79836a71e7e075e6b6f02f6.pdf,1,1
/home/yonah/PDFdata/pdfnormal/40cc90495f0832b94a0f6d2ace37bcebf5242550.pdf,0,0
/home/yonah/PDFdata/pdfnormal/41035c20b437f3bc68e13cbec12ba54193dc25bf.pdf,0,0
/home/yonah/PDFdata/pdfnormal/4104b4df8f368c00f2aaa36dbcde2398ba0c39ce.pdf,0,0
/home/yonah/PDFdata/pdfnormal/410c48b3cc6d5911057cca43f7fb6d4a5c60ec64.pdf,1,1
/home/yonah/PDFdata/pdfnormal/412d86054b436350172fec1de6c6f147c946486f.pdf,0,0
/home/yonah/PDFdata/pdfnormal/4151c976a757c680027391ba15c76192beab528c.pdf,0,0
/home/yonah/PDFdata/pdfnormal/418e8a24db9021125bda33096e8ad9e016bce828.pdf,0,0
/home/yonah/PDFdata/pdfnormal/4193167d869c528dafb77559d499d77c22243477.pdf,0,0
/home/yonah/PDFdata/pdfnormal/41d14a2d2ea7ecc712dcb6911bd564ec455f17a3.pdf,0,0
/home/yonah/PDFdata/pdfnormal/41edd787f70499425be2c140680b9347b9c7767c.pdf,1,1
/home/yonah/PDFdata/pdfnormal/424eb1cc88987aabbe31d16b6cc46e15af43cb84.pdf,1,1
/home/yonah/PDFdata/pdfnormal/4257ef6e9eb8b474bead331b24d512c93bb9abfe.pdf,1,1
/home/yonah/PDFdata/pdfnormal/42844e838ff15fcac2840a5fa19c9d3506f30a72.pdf,0,0
/home/yonah/PDFdata/pdfnormal/43324d40c266342af7aee8c1f839851d6ed6e90b.pdf,1,1
/home/yonah/PDFdata/pdfnormal/433e0f92e40271736616b5a2f294533564339e65.pdf,0,0
/home/yonah/PDFdata/pdfnormal/4342febcc5e4568174f9d78553e6c2074fdd0ee6.pdf,1,1
/home/yonah/PDFdata/pdfnormal/43919fcd77963c1ccad7ea2a263fff1357951a6e.pdf,0,0
/home/yonah/PDFdata/pdfnormal/4393dc7cfb65115e3b8e56462d2ccee0f0e26d8c.pdf,0,0
/home/yonah/PDFdata/pdfnormal/43b3c617731a4fdc006046ecae881f94a434d7ef.pdf,0,0
/home/yonah/PDFdata/pdfnormal/43f2a14cd8cc955f0a9aaf9011c493e595b4e70d.pdf,0,0
/home/yonah/PDFdata/pdfnormal/43fbd513091e284fc91ee5ecab2fddd39a19ef35.pdf,1,1
/home/yonah/PDFdata/pdfnormal/44105feffd517f6c8a9f6e1276e38053c9a3eb81.pdf,1,1
/home/yonah/PDFdata/pdfnormal/4466d3484f4d8cf3e53f4f0a242cd28da7f29329.pdf,0,0
/home/yonah/PDFdata/pdfnormal/44b28bfcf4385c279636e176229a3fe0fc3c14d5.pdf,1,1
/home/yonah/PDFdata/pdfnormal/44fd9d5156da4a28c9b7d788feb6cc809d613f75.pdf,1,1
/home/yonah/PDFdata/pdfnormal/4506c608554fa35644b026e0426bcc29480a8146.pdf,0,0
/home/yonah/PDFdata/pdfnormal/450b962da414a4f1ffaaec2ffa6b415fb6977254.pdf,0,0
/home/yonah/PDFdata/pdfnormal/453bde5d8acb0e6557855928a5c215f23e0228a5.pdf,0,0
/home/yonah/PDFdata/pdfnormal/454617603c6f891ec5af69d61631614f05ac9167.pdf,0,0
/home/yonah/PDFdata/pdfnormal/454c2d6fe0c372291841d9f70cf8d18488875ee0.pdf,0,0
/home/yonah/PDFdata/pdfnormal/455cb94da84cc04f3ca909faf523ef0dac354157.pdf,0,0
/home/yonah/PDFdata/pdfnormal/45a54c765cd1a0d02f9e478a6f1283b91fcb83b0.pdf,0,0
/home/yonah/PDFdata/pdfnormal/45d569c5e1f050c75bd4a09e730dafebf999a7ef.pdf,1,1
/home/yonah/PDFdata/pdfnormal/462b069cb3664d08cf25598fffa241d52fd443f6.pdf,1,1
/home/yonah/PDFdata/pdfnormal/4652685d717f90e8a9d1591776159dd52e829f77.pdf,0,0
/home/yonah/PDFdata/pdfnormal/46c8a0c68eca0837efea47bb9084e465f1b448bd.pdf,0,0
/home/yonah/PDFdata/pdfnormal/46cbda5b4d28f75517cad3e0af5de71a8faf803f.pdf,0,0
/home/yonah/PDFdata/pdfnormal/46cf2c3a477e1ffcb25d1a820474e186d4a82d4e.pdf,1,1
/home/yonah/PDFdata/pdfnormal/46d2576ed66a7100ecfe290f93c0caf988443217.pdf,0,0
/home/yonah/PDFdata/pdfnormal/4701a97d025c813e6ec0f26c7a60ae754a506261.pdf,1,1
/home/yonah/PDFdata/pdfnormal/476f2eefc20bef03b12e6a04e0fc455993b59797.pdf,0,0
/home/yonah/PDFdata/pdfnormal/478895d49ff708808b5b0463ffbb20cee5b8aff1.pdf,0,0
/home/yonah/PDFdata/pdfnormal/47fefec53fdca9a598c54d23f46720f0faef3553.pdf,0,0
/home/yonah/PDFdata/pdfnormal/4820313da70707e15bc07bb975cb8720164ca0ad.pdf,0,0
/home/yonah/PDFdata/pdfnormal/4849b8a49fbc50ed82fd4aa7181581f40223e956.pdf,1,1
/home/yonah/PDFdata/pdfnormal/4891fe26e75988e31f57bb427e55b05f34cd11ee.pdf,0,0
/home/yonah/PDFdata/pdfnormal/489b4587b5962571bebf8892d8e033d614a4f8b9.pdf,1,1
/home/yonah/PDFdata/pdfnormal/48a8da18cc52472c72cf5d12ab1d4944608c7fbf.pdf,1,1
/home/yonah/PDFdata/pdfnormal/48be6b4434ffbd51b91a41cf4bc387f7ac6194f3.pdf,1,1
/home/yonah/PDFdata/pdfnormal/48c250bd6310988cfbd86b66172f6ab09f7d9f0e.pdf,0,0
/home/yonah/PDFdata/pdfnormal/48ec3b8a1239ba3c9232a9aae70546de3dd6991b.pdf,1,1
/home/yonah/PDFdata/pdfnormal/48ffaf43f84b2242e189bb47492ccf8028eed671.pdf,1,1
/home/yonah/PDFdata/pdfnormal/492e9d6fc7093ce0f830d90b77a81e4625eb0cfa.pdf,1,1
/home/yonah/PDFdata/pdfnormal/497a064ebbee1dcbd90c24a687147b2af6853014.pdf,1,1
/home/yonah/PDFdata/pdfnormal/49890bbf03d11794c31ea8b449417102cd4bdfa5.pdf,1,1
/home/yonah/PDFdata/pdfnormal/498a5dc21dc2d10669a21179d5d385d9f37cb0f0.pdf,0,0
/home/yonah/PDFdata/pdfnormal/498e7c0bbcba91b9ffde810edac9b36bd7f0f3ff.pdf,0,0
/home/yonah/PDFdata/pdfnormal/49a5f42b49b61b3cdcd6b3aa06e865d95b8a12dd.pdf,1,1
/home/yonah/PDFdata/pdfnormal/49cf60fe85e9ded80b2533d860624b7fb256e4aa.pdf,1,1
/home/yonah/PDFdata/pdfnormal/4a65e87a03a2c71ce5ae5bce0f173a34433a3070.pdf,0,0
/home/yonah/PDFdata/pdfnormal/4a742dad085d3f5476c660d4ae633e4e86667483.pdf,0,0
/home/yonah/PDFdata/pdfnormal/4a7a55c253cb9f65d540503316c752fd08906be2.pdf,0,0
/home/yonah/PDFdata/pdfnormal/4ab6883f95c3529ba65948cba575b3fa0bb42dce.pdf,1,1
/home/yonah/PDFdata/pdfnormal/4ae6eadd5300a09f3842b35c3d39fd38d63cf5d2.pdf,1,1
/home/yonah/PDFdata/pdfnormal/4affbe162fb462e8a66551ae57a44b77161dbb93.pdf,1,1
/home/yonah/PDFdata/pdfnormal/4b1269e4f42036ca1c814e83c6b1c2dd11717c3d.pdf,1,1
/home/yonah/PDFdata/pdfnormal/4b1fc3393fff11f7a3de197d52de2d4c2343641c.pdf,1,1
/home/yonah/PDFdata/pdfnormal/4b26662635c181278a5416b70039ca8cefaa1bac.pdf,1,1
/home/yonah/PDFdata/pdfnormal/4b39ae57b1076fc4c50318bb9678a7b7c4540295.pdf,1,1
/home/yonah/PDFdata/pdfnormal/4b9ef4e66d21f19f7be79ede8368e8010136e219.pdf,1,1
/home/yonah/PDFdata/pdfnormal/4ba93497c461b2462ce159a023b77ea28ef9b88b.pdf,0,0
/home/yonah/PDFdata/pdfnormal/4bc5c1ce46f9a625209bb271e3d3f48e453ca5a6.pdf,0,0
/home/yonah/PDFdata/pdfnormal/4bc7f6588c63ba8a95d52a0039c9d65e1b8a3692.pdf,0,0
/home/yonah/PDFdata/pdfnormal/4bdbdff4fc4cf37d2bc5bce51209ea8a930587b8.pdf,0,0
/home/yonah/PDFdata/pdfnormal/4bf4facc59353f098a891548c3d26b98760e810d.pdf,1,1
/home/yonah/PDFdata/pdfnormal/4c8450e02409f6dcd9840e785304144519b13942.pdf,0,0
/home/yonah/PDFdata/pdfnormal/4c8d6ff62fa5bdbbd3e8e49fa49234bcfe1c6fbc.pdf,1,1
/home/yonah/PDFdata/pdfnormal/4cb90bcda7328c9a0183ad23920eb3af33ca9157.pdf,1,1
/home/yonah/PDFdata/pdfnormal/4ce3825129e14dc0454f54c72e543c5d58f66eaf.pdf,0,0
/home/yonah/PDFdata/pdfnormal/4cf6f5667ee8d2b00d4ca4f06f4d0f2a061404e8.pdf,0,0
/home/yonah/PDFdata/pdfnormal/4d16cd9adfcf244b0e3da48db270b88f0ccf71cd.pdf,0,0
/home/yonah/PDFdata/pdfnormal/4d2e6078b13ac86e6e4ed5dae2c6926e86cdde2d.pdf,1,1
/home/yonah/PDFdata/pdfnormal/4d59d6e201faa52134eb0c006b40c91e00085529.pdf,1,1
/home/yonah/PDFdata/pdfnormal/4de1abb6f0e1ca388afdbc0876ca650556e273bf.pdf,0,0
/home/yonah/PDFdata/pdfnormal/4deef171dee8b75b18dfe28a2695c10eecd628a1.pdf,0,0
/home/yonah/PDFdata/pdfnormal/4df250b64519ae219a3f5374bf69cdd6e3cf3330.pdf,0,0
/home/yonah/PDFdata/pdfnormal/4dfe623317083a90bcc97e8e4507d914df4f0ed2.pdf,0,0
/home/yonah/PDFdata/pdfnormal/4e1bae84d379722353dba267ffdb8b1124d011a7.pdf,1,1
/home/yonah/PDFdata/pdfnormal/4e97aa7603fd807ee70a339df45e465c195e8cd7.pdf,1,1
/home/yonah/PDFdata/pdfnormal/4f0ac9c7fe4ef8fc68fff0f563d99fbaa582a755.pdf,0,0
/home/yonah/PDFdata/pdfnormal/4f2e1ffa57762bb862577b3f056d43ddb433a36c.pdf,0,0
/home/yonah/PDFdata/pdfnormal/4f4432289c741288091e01bcbbdefcda5f961e38.pdf,1,1
/home/yonah/PDFdata/pdfnormal/4f4a8f8faabab5bf20f3818fd3ab7611ee4b506c.pdf,0,0
/home/yonah/PDFdata/pdfnormal/4fd6c4a67c2244bb9273c66e476fc9b1ec0219d0.pdf,1,1
/home/yonah/PDFdata/pdfnormal/4fd6ebec0950e8f76fb8afc2ab16f4adeaa3f90f.pdf,0,0
/home/yonah/PDFdata/pdfnormal/4fee7b930d37c005489b2b4a6d8516719efb3d90.pdf,1,1
/home/yonah/PDFdata/pdfnormal/4ff0df06e48a49c32843cb11dab90e101d45f310.pdf,1,1
/home/yonah/PDFdata/pdfnormal/5023fd013ac4a571f6b6244b4529cf7317473165.pdf,0,0
/home/yonah/PDFdata/pdfnormal/5032e1a4af2632c50624396c65f4a0e8429902ce.pdf,1,1
/home/yonah/PDFdata/pdfnormal/504595da7971c4caedeb4662a69efc9ced546c5f.pdf,1,1
/home/yonah/PDFdata/pdfnormal/50c093a45b6f4d9071fedd7dacec7c5705042592.pdf,1,1
/home/yonah/PDFdata/pdfnormal/50f02c15e6886f558657933b8a0a48e9ce5d31ae.pdf,0,0
/home/yonah/PDFdata/pdfnormal/510221f2b74eae049582b0ce7445413fa2c4f432.pdf,0,0
/home/yonah/PDFdata/pdfnormal/51378273a5c827731f03d75d82cd740f53690f75.pdf,0,0
/home/yonah/PDFdata/pdfnormal/5137964368403d5ef5c30ed77b616e520e309ea0.pdf,0,0
/home/yonah/PDFdata/pdfnormal/5137da3ddb8b19cd097a5ffc35403a9ce2938aed.pdf,0,0
/home/yonah/PDFdata/pdfnormal/5182691eeadc0ddb3193f2a7ec8db23457e039af.pdf,1,1
/home/yonah/PDFdata/pdfnormal/5185541f1ee8c7c0fdd37315903f3de69e141dcf.pdf,0,0
/home/yonah/PDFdata/pdfnormal/51ad0a8d6242dabfc03f0a560eb604d210cd7abe.pdf,0,0
/home/yonah/PDFdata/pdfnormal/51b400292f8b7e87e4a2f3e095e9ef26ed9d0f53.pdf,0,0
/home/yonah/PDFdata/pdfnormal/51c4abc44b253b8ca2690b5f0b6a44ec7b4711ca.pdf,0,0
/home/yonah/PDFdata/pdfnormal/51cbfc75f2b82332f3393db62c6d6d4b4ebf7345.pdf,0,0
/home/yonah/PDFdata/pdfnormal/51cffddfd2560eebb202d630d1505e7dacf0bf9c.pdf,0,0
/home/yonah/PDFdata/pdfnormal/51e2af42ae9d16f3a89a6c3e2cfaf13ba883a06a.pdf,1,1
/home/yonah/PDFdata/pdfnormal/51ea625574456fe1f86f07a530d1ebebea8c6a23.pdf,1,1
/home/yonah/PDFdata/pdfnormal/51ef72fdb6cc95558808430d84ab97a8bf4e81ff.pdf,1,1
/home/yonah/PDFdata/pdfnormal/51f585ad6ad022dedf68ce0881ae09c7e1a96c52.pdf,0,0
/home/yonah/PDFdata/pdfnormal/5224c166cb0b88d4cb2c945812327e720e7f668e.pdf,0,0
/home/yonah/PDFdata/pdfnormal/52257538c7f5a10aee4ea6a5d711dd8a7f1ca2ee.pdf,1,1
/home/yonah/PDFdata/pdfnormal/523c59f4717e4e7f57bd57298fba6ff0ccd23568.pdf,1,1
/home/yonah/PDFdata/pdfnormal/523f0ad33bd43995f94c59ee92483d9952e66dac.pdf,1,1
/home/yonah/PDFdata/pdfnormal/526b147edd3e6aa81d1e57b761a8a1da5a56091a.pdf,0,0
/home/yonah/PDFdata/pdfnormal/527bca16f9b9b0c06d64e0d3920075666e60e6ed.pdf,0,0
/home/yonah/PDFdata/pdfnormal/5286eebcb04e3c85df4227ebe5e503d649ed1bcb.pdf,0,0
/home/yonah/PDFdata/pdfnormal/529bf4457554ed08aedfd06081a6367faf738f6f.pdf,1,1
/home/yonah/PDFdata/pdfnormal/52a8a5606439db62bffb4c51ef60ab237d764d51.pdf,1,1
/home/yonah/PDFdata/pdfnormal/52c986264a35d83fe4263b76a183f77164eafe9b.pdf,1,1
/home/yonah/PDFdata/pdfnormal/52db755b3f2dcfc3f627590ec070cd6e34a76aa4.pdf,1,1
/home/yonah/PDFdata/pdfnormal/5301c898d8178547aaca06144eaf7e8209de60ab.pdf,0,0
/home/yonah/PDFdata/pdfnormal/534afd93cf352697e2a68eb27e027b3fbec18846.pdf,0,0
/home/yonah/PDFdata/pdfnormal/5355b82c4be89e628d55f702057403da6b3a3ac0.pdf,1,1
/home/yonah/PDFdata/pdfnormal/535ab8ee4716d2388c9490c54171b87639088910.pdf,0,0
/home/yonah/PDFdata/pdfnormal/536be25099d2bff49cfabf56f7d01804534265f2.pdf,1,1
/home/yonah/PDFdata/pdfnormal/5392978f3b2abd2fda48f577e0c78451bd5fb93f.pdf,1,1
/home/yonah/PDFdata/pdfnormal/53a9a2647c95bda3868f9ee88586d1418096eaa8.pdf,1,1
/home/yonah/PDFdata/pdfnormal/5433edb4be17f229d8022f86679c4597f2be0e93.pdf,1,1
/home/yonah/PDFdata/pdfnormal/5439e25911fa6a54d40d0767a2d1e752c320a04c.pdf,0,0
/home/yonah/PDFdata/pdfnormal/548129fb0331de8d9f7133f7526ba250a6e2843d.pdf,0,0
/home/yonah/PDFdata/pdfnormal/54acd621902cc8259a4d4d2f9204a981b45b5c45.pdf,0,1
/home/yonah/PDFdata/pdfnormal/54f8ad8134c51b5a3b3836648356ba5714c93b9d.pdf,0,0
/home/yonah/PDFdata/pdfnormal/54fbf87f8a4de2b4768049940de4db631e4cb583.pdf,1,1
/home/yonah/PDFdata/pdfnormal/55063742af0efa6ee232e18d5c0fe2a264a64974.pdf,1,1
/home/yonah/PDFdata/pdfnormal/555a42dbe8a54abfd55f6d81cafa0a567005d67f.pdf,1,1
/home/yonah/PDFdata/pdfnormal/5564e24752fe0cbaea95a69611109cc953a68952.pdf,1,1
/home/yonah/PDFdata/pdfnormal/556b11d56d837c7e1793f15e30021763ff0dde17.pdf,1,1
/home/yonah/PDFdata/pdfnormal/55975ea7a9f90cdba721cd05eb932fe57752c2df.pdf,1,1
/home/yonah/PDFdata/pdfnormal/55985c46aff9e509cf1281e14cee9b728ad5473e.pdf,1,1
/home/yonah/PDFdata/pdfnormal/55a739d90e46e6a33ebf2beebc3f3090840e704a.pdf,0,0
/home/yonah/PDFdata/pdfnormal/55ff90f8246a0f8e668934939e03f4b06dd1d6a0.pdf,1,1
/home/yonah/PDFdata/pdfnormal/56016d7a35d4d4422085eb42ea02c38820432304.pdf,1,1
/home/yonah/PDFdata/pdfnormal/56312e4a16e145f622db5a615ed4316dd776bb69.pdf,0,0
/home/yonah/PDFdata/pdfnormal/563c983c23b8a514b0ca077aad07e88cbc43c46d.pdf,1,1
/home/yonah/PDFdata/pdfnormal/564e7f511422ff4d0c2bda788aba5659e985193f.pdf,1,1
/home/yonah/PDFdata/pdfnormal/5692e6550615c9529d598688b4cba701d0858ece.pdf,1,1
/home/yonah/PDFdata/pdfnormal/569383ecb9bfeb7114d04372e38daf49c292ba68.pdf,0,0
/home/yonah/PDFdata/pdfnormal/56d33593358762a1f8a74f89c260edf1971a80f8.pdf,1,1
/home/yonah/PDFdata/pdfnormal/56eaf6d57a221be885481c77332b3b399e4f77aa.pdf,0,0
/home/yonah/PDFdata/pdfnormal/56f861a5b073862a116cfc6ed65f0f126e238a84.pdf,1,1
/home/yonah/PDFdata/pdfnormal/57ac92d4205d43eab60ca55a8d99f0d9c3bd9a4a.pdf,0,0
/home/yonah/PDFdata/pdfnormal/57fd7ff1edee2066195081d9c660a1d159e4a681.pdf,0,0
/home/yonah/PDFdata/pdfnormal/58139ceb0a38bfd9972123cf6593d5b4aa30e185.pdf,1,1
/home/yonah/PDFdata/pdfnormal/582e37a2e8219a2ed7d7e2207020cea1ef621e49.pdf,0,0
/home/yonah/PDFdata/pdfnormal/584a74b390842966855236594364469af980e7b9.pdf,0,0
/home/yonah/PDFdata/pdfnormal/58692c3efb22e597c8bca570261d5f3d7fe41ebe.pdf,0,0
/home/yonah/PDFdata/pdfnormal/587098cee252302222cc8fbf1976eabb786977e1.pdf,0,0
/home/yonah/PDFdata/pdfnormal/587a74764cb41758d3f30288e602ef48ecfd2249.pdf,1,1
/home/yonah/PDFdata/pdfnormal/58bed79ca8993a7fb11a6c89989204ea6f21b8cb.pdf,1,1
/home/yonah/PDFdata/pdfnormal/590b04c5c7a9df9cfc8637f8abb4c55464491466.pdf,1,1
/home/yonah/PDFdata/pdfnormal/59228e74b6225d6d284032e6f5bef2c19b6f24c6.pdf,1,1
/home/yonah/PDFdata/pdfnormal/59229b996290ca3371b249612ad3fef3a624c78f.pdf,1,1
/home/yonah/PDFdata/pdfnormal/592b8c7212baae6af94e521277f80de23570a045.pdf,0,0
/home/yonah/PDFdata/pdfnormal/5936754b5762260bf102ac95d7b26cfc9d31956a.pdf,1,1
/home/yonah/PDFdata/pdfnormal/5951a9cae3cea20625c4d1947ebab37b68c0e687.pdf,0,0
/home/yonah/PDFdata/pdfnormal/59567313dcc8fe98bb30fb2cd6ece140b3d7f185.pdf,1,1
/home/yonah/PDFdata/pdfnormal/599f9ad86ccae16824491f1197534417fac5c6cf.pdf,1,1
/home/yonah/PDFdata/pdfnormal/59ac84243f514bb0b432aba8c870c7065f90c4fd.pdf,1,1
/home/yonah/PDFdata/pdfnormal/59d4fe74c0400184e2578bdc6e4ff428c3014f50.pdf,1,1
/home/yonah/PDFdata/pdfnormal/59e49229765f10a70d349632d256604c94aa92b0.pdf,1,1
/home/yonah/PDFdata/pdfnormal/59e7ec4caa84ecd99230916cec2978981565bc6f.pdf,1,1
/home/yonah/PDFdata/pdfnormal/5a3a430f0dc5e3b7912397abbe1012bbbe705764.pdf,1,1
/home/yonah/PDFdata/pdfnormal/5a3e22b9bbd247968306e41bd89705ba30cfd7d1.pdf,0,0
/home/yonah/PDFdata/pdfnormal/5a3f2f68db955f1101d6fb3592bb280fde125c14.pdf,0,0
/home/yonah/PDFdata/pdfnormal/5a44896c003d1fba9d65b1d9130ba6751de0745f.pdf,1,1
/home/yonah/PDFdata/pdfnormal/5a4636bdc174c68c4f3fde6139ac5e48918a898a.pdf,1,1
/home/yonah/PDFdata/pdfnormal/5a6b8e5c10f6541196a192a234f692d6c6ff64cb.pdf,1,1
/home/yonah/PDFdata/pdfnormal/5a72d9c52c47cf50645c074d2dfd47cac2a8ca8a.pdf,1,1
/home/yonah/PDFdata/pdfnormal/5a80afd9e46426cc6d52c68c0896d287f6c7fcfc.pdf,1,1
/home/yonah/PDFdata/pdfnormal/5a80f048f67f2be4da25ffacd2e00c299fe2c404.pdf,0,0
/home/yonah/PDFdata/pdfnormal/5a8b610277369e7b661b5d6138e68fb6b732c266.pdf,0,0
/home/yonah/PDFdata/pdfnormal/5a9b88dbddb5ee84ad510bea94481d3704f3ab05.pdf,0,0
/home/yonah/PDFdata/pdfnormal/5ab81f2c8febafc49e4f5765b6dc84aeda39d9f9.pdf,1,1
/home/yonah/PDFdata/pdfnormal/5afaf80a8bf3f4af3a1590a9fb19258b7c125155.pdf,0,0
/home/yonah/PDFdata/pdfnormal/5b1ac70d5a57958c5a4f25ad7bac05070bf163d4.pdf,0,0
/home/yonah/PDFdata/pdfnormal/5b1d1e35bca9ac6008355502482724ed9ab019a1.pdf,1,1
/home/yonah/PDFdata/pdfnormal/5b219af5a79ee405b4a42f4fc284beb06313e808.pdf,0,0
/home/yonah/PDFdata/pdfnormal/5b2f7da9d2474964d7275f55db27d3186b24d0e0.pdf,1,1
/home/yonah/PDFdata/pdfnormal/5b3382168c6059a307e27a62c04f848cb04efe02.pdf,1,1
/home/yonah/PDFdata/pdfnormal/5b4ede35f4bece4a280b86c70a7f551360b596cf.pdf,0,0
/home/yonah/PDFdata/pdfnormal/5b559e2b9a4691ccc4f1576aa392fa73c128f8b2.pdf,1,1
/home/yonah/PDFdata/pdfnormal/5b5d11085e4b628e0c9d36eadac49b83d66cf6a1.pdf,1,1
/home/yonah/PDFdata/pdfnormal/5b5f7f5a948d2ee66254977dd880669443dc98bb.pdf,1,1
/home/yonah/PDFdata/pdfnormal/5b897b36ccd5ae55af28c35f581a7d15bbe2f344.pdf,0,0
/home/yonah/PDFdata/pdfnormal/5bade265ae8ad281d357a7c1e81c945c96ceecd3.pdf,1,1
/home/yonah/PDFdata/pdfnormal/5bb8edfb46caffee8c430dbb28884b6dddc95138.pdf,0,0
/home/yonah/PDFdata/pdfnormal/5bce9dfd0b3cf0e3609100ab4656ace0509f6905.pdf,1,1
/home/yonah/PDFdata/pdfnormal/5be152da31d2833b6c6d2a3a1adc788936f92e75.pdf,0,0
/home/yonah/PDFdata/pdfnormal/5be67e2fcfc188d8fc412f0ac7057c9b3398ffe7.pdf,1,1
/home/yonah/PDFdata/pdfnormal/5c2013a937d014a060d37b4963dea17dba5bd2fb.pdf,1,1
/home/yonah/PDFdata/pdfnormal/5c239a24317109386156ed0c815ad956699badfb.pdf,1,1
/home/yonah/PDFdata/pdfnormal/5c2b02afb1636a23bd61e6fd2ba15780a3928e63.pdf,0,0
/home/yonah/PDFdata/pdfnormal/5c2dcb98d3928c566344be69b0ceaf0b65fb3861.pdf,0,0
/home/yonah/PDFdata/pdfnormal/5c35a1a252a81e7b68230666ecaf5020a79807d1.pdf,0,0
/home/yonah/PDFdata/pdfnormal/5c37712eeb01d2491ac9f5632954ff2a03b4e6a4.pdf,0,0
/home/yonah/PDFdata/pdfnormal/5c3e467835e677d6b93e8b6ea722ebe8e9448082.pdf,1,1
/home/yonah/PDFdata/pdfnormal/5d04637d7eb7ef44f2d51056c727492f1208324a.pdf,1,1
/home/yonah/PDFdata/pdfnormal/5d379f386542b1df825aaf5a3a4f18b7714d428e.pdf,1,1
/home/yonah/PDFdata/pdfnormal/5db091ac72eb9ad57d0d5e5cae511a8ffef5470e.pdf,1,1
/home/yonah/PDFdata/pdfnormal/5db6121bcd5b063b4a3086c3881d044edf742fb7.pdf,1,1
/home/yonah/PDFdata/pdfnormal/5df9a58e203b2362e2434e7df66f288313bddb78.pdf,0,0
/home/yonah/PDFdata/pdfnormal/5e06d2fa20d3c128becb9247f0c35489fa482a32.pdf,0,0
/home/yonah/PDFdata/pdfnormal/5e61d99258d4826c709aeb8d5a784cf3ec5ec9a1.pdf,0,0
/home/yonah/PDFdata/pdfnormal/5e6a3cb96b6bb8a8d30d33dd6ccedf9a047e1180.pdf,0,0
/home/yonah/PDFdata/pdfnormal/5e7733ab10b6cf7457049488c1bee98ea767ef44.pdf,0,0
/home/yonah/PDFdata/pdfnormal/5e916fc51a747444d7f5802549f5faaa4486e542.pdf,0,0
/home/yonah/PDFdata/pdfnormal/5ef8e80928113c5b6aa3d2a27bae4c0883464c35.pdf,0,0
/home/yonah/PDFdata/pdfnormal/5f051b46b138a54a1cf1197891cb7e7c663a7b1d.pdf,0,0
/home/yonah/PDFdata/pdfnormal/5f7cff18ffb71054ffdaa85a105e0fb8cff8918a.pdf,1,1
/home/yonah/PDFdata/pdfnormal/5f9919d880f87cb3aba703fa322b8b0e8e4109c4.pdf,0,0
/home/yonah/PDFdata/pdfnormal/600222a5f988afe01f084c81397da08c2fda3531.pdf,1,1
/home/yonah/PDFdata/pdfnormal/60076105ef9706ad08ee79c93e524a5af708bfef.pdf,1,1
/home/yonah/PDFdata/pdfnormal/6025814e02acfba3aba8b5cf24e68bd842e8d036.pdf,0,0
/home/yonah/PDFdata/pdfnormal/6053bc9b6162cbbed50e87f7947bd844f6615f87.pdf,1,1
/home/yonah/PDFdata/pdfnormal/6078fec9b14d9209dcefee129e0de3210e1d3539.pdf,1,1
/home/yonah/PDFdata/pdfnormal/60cc196959b62e980f5d27397df063d6d85caabe.pdf,0,0
/home/yonah/PDFdata/pdfnormal/60d345da233c650af2faff2d28f8a57dc74db5eb.pdf,0,0
/home/yonah/PDFdata/pdfnormal/60e1beb907f598636492e4e41bd446794916247c.pdf,1,1
/home/yonah/PDFdata/pdfnormal/60f539ed0c19abf262997cf045d47bf597fcbe3e.pdf,1,1
/home/yonah/PDFdata/pdfnormal/617c6a7a63f1c9724ba06ef88d9c62c90c8f5667.pdf,1,1
/home/yonah/PDFdata/pdfnormal/6189356c6bff8c7a2032199f95dd06338643b31d.pdf,0,0
/home/yonah/PDFdata/pdfnormal/6192dcdc512fd196f6c74cc1ddee81d969efd5f2.pdf,0,0
/home/yonah/PDFdata/pdfnormal/6283b7c0541fa305b223fa35954b7f4c2f9114d7.pdf,1,1
/home/yonah/PDFdata/pdfnormal/62953408f1dd68b006968105b845fddf42b878fa.pdf,0,0
/home/yonah/PDFdata/pdfnormal/62cc80efbcd4a4f4bc0f6a02962ac6176bf09614.pdf,0,0
/home/yonah/PDFdata/pdfnormal/62de04f1000bf27f35a2a1d67ecbe2e1879f6bb8.pdf,0,0
/home/yonah/PDFdata/pdfnormal/6301e6f181b56a0785fa855286726a8ffe8d9bca.pdf,1,1
/home/yonah/PDFdata/pdfnormal/634eda3831c11f15d412c79ef66a334b5d1156f1.pdf,1,1
/home/yonah/PDFdata/pdfnormal/637efe66aab78a0c8b81a03d82b699df72d26596.pdf,0,0
/home/yonah/PDFdata/pdfnormal/63997aa860f5346a073b6453a2282e5cd14056e8.pdf,1,1
/home/yonah/PDFdata/pdfnormal/63b07b287344b21a0135f4e009e7bf4790dbc301.pdf,0,0
/home/yonah/PDFdata/pdfnormal/63e4b9572eb128a9071bc62132785412c50e5fbe.pdf,0,0
/home/yonah/PDFdata/pdfnormal/64221b1886618b4c0bafc16320a1d3922c4df891.pdf,1,1
/home/yonah/PDFdata/pdfnormal/642ac62fea87be6f8a63becd60c3cece8ce2ee39.pdf,0,0
/home/yonah/PDFdata/pdfnormal/6431bd81d7f3406bd93548486f29320d617ba295.pdf,1,1
/home/yonah/PDFdata/pdfnormal/64b4e0b98e1e04dbcba221d4b5990df1ad9beb0c.pdf,1,1
/home/yonah/PDFdata/pdfnormal/64b6c868aad2403f441d560fa89c4b56612d4adb.pdf,1,1
/home/yonah/PDFdata/pdfnormal/64d0eb314b43f0ecb6ede6a0c574cc874bff50e5.pdf,1,1
/home/yonah/PDFdata/pdfnormal/64fe006ebd32cf9491641c87f75f260c47a0e056.pdf,1,1
/home/yonah/PDFdata/pdfnormal/65214ca0714a46bef66d92a7d9289e726ca53e8b.pdf,1,1
/home/yonah/PDFdata/pdfnormal/6539745f4f1501440ab0d05a144fcfac091b7da8.pdf,0,0
/home/yonah/PDFdata/pdfnormal/653df1920c0da0ca24bc39d74cb38c9e27c20976.pdf,1,1
/home/yonah/PDFdata/pdfnormal/656b202d484e6bb6a180e4642f169afd190e36ff.pdf,0,0
/home/yonah/PDFdata/pdfnormal/657adfbbbe231ead1a836fdec6e7b9a91795c57a.pdf,1,1
/home/yonah/PDFdata/pdfnormal/65815e1ced38b6558e0a05c155bc9313e243d79c.pdf,1,1
/home/yonah/PDFdata/pdfnormal/6591f6e6120019a7fab8babf1d6a92132556d015.pdf,0,0
/home/yonah/PDFdata/pdfnormal/659a0b5aae85233b4761c07dbd85e0f61562b81c.pdf,1,1
/home/yonah/PDFdata/pdfnormal/65a08c4361c327c56deac3d80a6af75f4102b7e2.pdf,1,1
/home/yonah/PDFdata/pdfnormal/6605dabd624c7f5e02aed90570ca9b6097cbabe3.pdf,0,0
/home/yonah/PDFdata/pdfnormal/661bf8534b4afbe8acdd869e450c1c854b3f8ebb.pdf,0,0
/home/yonah/PDFdata/pdfnormal/663f49402e894390c4f5f7634d66947299240beb.pdf,0,0
/home/yonah/PDFdata/pdfnormal/6656c4673c941a3ad73b796363887ebffd4db2c8.pdf,0,0
/home/yonah/PDFdata/pdfnormal/6694255f43efa65ec5e5d7b9dd15ea0a976d4452.pdf,1,1
/home/yonah/PDFdata/pdfnormal/66c1209e670b467159e85102100f9963dbde0c77.pdf,1,1
/home/yonah/PDFdata/pdfnormal/66cf9d1b32e1743a05a70b2c612f862ab50ccd91.pdf,1,1
/home/yonah/PDFdata/pdfnormal/66fd9895b793f66fa87b595e3a669705a299a14f.pdf,0,0
/home/yonah/PDFdata/pdfnormal/670708473ed54d7ff99fea17353276a4988db1c7.pdf,0,0
/home/yonah/PDFdata/pdfnormal/670df8dd9ae6f7e6d46cc0e9686b4d1f5641beea.pdf,0,0
/home/yonah/PDFdata/pdfnormal/671e392f5a62b44fcaaa12479e0ad43abdf600d5.pdf,1,1
/home/yonah/PDFdata/pdfnormal/67310a51b2901c5469502da318e557f70aa981d8.pdf,0,0
/home/yonah/PDFdata/pdfnormal/67ac127c74b1a683d7cdef9b9dc41148b486fdc2.pdf,0,0
/home/yonah/PDFdata/pdfnormal/67e411970d3d77ffb6e2058346781af7df3521dc.pdf,0,0
/home/yonah/PDFdata/pdfnormal/67e8051f53dab36aca062dd37d9bb958d1671e8f.pdf,1,1
/home/yonah/PDFdata/pdfnormal/68046b59823a204e9be822c69e1d3a6d80601dfc.pdf,1,1
/home/yonah/PDFdata/pdfnormal/6825a4dc6490c6fb529038b0db05bc2139a6784c.pdf,0,0
/home/yonah/PDFdata/pdfnormal/6833ab7a5142a8d3c3045297bb235e1075aea6f1.pdf,0,0
/home/yonah/PDFdata/pdfnormal/6833e434987b358ec357552cc39e10d801d88e06.pdf,1,1
/home/yonah/PDFdata/pdfnormal/683a355998deeeefe31a8387c0c14d57ad2a387b.pdf,0,0
/home/yonah/PDFdata/pdfnormal/684c7fc7fbd26744c2a342e0d13fe40577940a04.pdf,1,1
/home/yonah/PDFdata/pdfnormal/687e99a4ed1c61eade62bd6b0fc2adef3f03baa1.pdf,1,1
/home/yonah/PDFdata/pdfnormal/68f7a54567f18f0f53ae09de5550aa63f1bf3b15.pdf,0,0
/home/yonah/PDFdata/pdfnormal/691de54dc4c797f2c2d279d62df31063ebed6e5d.pdf,0,0
/home/yonah/PDFdata/pdfnormal/6925a671e66a4954a2f5fbb48ec70a5f09d44fb2.pdf,0,0
/home/yonah/PDFdata/pdfnormal/6926cc37620785a83222666d7ef99ac3895b67f1.pdf,0,0
/home/yonah/PDFdata/pdfnormal/6952244b1c92efd4f9757e306a73dd6a3769c0cb.pdf,0,0
/home/yonah/PDFdata/pdfnormal/69532d21cf1bc39a973269848167f54cac5d4351.pdf,0,0
/home/yonah/PDFdata/pdfnormal/6996e37e100f799118cd51b3eb2d1d1744a37df3.pdf,0,0
/home/yonah/PDFdata/pdfnormal/69d3003096765f1096b60fa2ec5daf927a50d275.pdf,1,1
/home/yonah/PDFdata/pdfnormal/69dc2fa3480ca54504ee53cdcd654ed933fcfa81.pdf,0,0
/home/yonah/PDFdata/pdfnormal/69fe0eb58643ab0f2dcb5ca50e4f2d4afbfd82df.pdf,1,1
/home/yonah/PDFdata/pdfnormal/6a13515c13c895d2ce5d69f616661f71c0622339.pdf,1,1
/home/yonah/PDFdata/pdfnormal/6a1c766bba3a35e6e53aab78aa7bdb954fb11a09.pdf,1,1
/home/yonah/PDFdata/pdfnormal/6a53b2798a3cbb5a6b6a4e51dc874a440a53c04c.pdf,1,1
/home/yonah/PDFdata/pdfnormal/6a56c31f77d72b8f8650f9462774c149df389826.pdf,1,1
/home/yonah/PDFdata/pdfnormal/6a5d2b7d53163118a88d4f90c0f6414f29550e0b.pdf,1,1
/home/yonah/PDFdata/pdfnormal/6a7159b08287e8f33df671a5091d4ac44cb7326d.pdf,0,0
/home/yonah/PDFdata/pdfnormal/6a913810535f6611600ae781bdeae6e0cae58028.pdf,0,1
/home/yonah/PDFdata/pdfnormal/6a9bbc5c4355f7c6bb205f172bfbb7c34ef03c19.pdf,0,0
/home/yonah/PDFdata/pdfnormal/6aa0a44402f7aea567540a894101f560e84311db.pdf,0,0
/home/yonah/PDFdata/pdfnormal/6ab9d8b35be2ab163dc3064094b65507359f00b1.pdf,1,1
/home/yonah/PDFdata/pdfnormal/6afe41771bd5670156cab4ab0828b7ef530694c1.pdf,0,0
/home/yonah/PDFdata/pdfnormal/6b21ebe3833063d5aa1c20d63cde4a4b34abea51.pdf,1,1
/home/yonah/PDFdata/pdfnormal/6b2b84a16d470f3035802d6ab62e01bb60e83fe5.pdf,1,1
/home/yonah/PDFdata/pdfnormal/6b3e0e645ea00623585d87b35f26e55058ff42bf.pdf,1,1
/home/yonah/PDFdata/pdfnormal/6b715fb4018f50e393c2514c44ffefc62708c820.pdf,0,0
/home/yonah/PDFdata/pdfnormal/6b718c638d327587cca38c9c977471d8ef5014e6.pdf,0,0
/home/yonah/PDFdata/pdfnormal/6b7a57384095fbbd78f096430bd40af0d2c5aa1f.pdf,1,1
/home/yonah/PDFdata/pdfnormal/6b8cb4fcc12c81e3c0058317c65585e612a74dc9.pdf,0,0
/home/yonah/PDFdata/pdfnormal/6bdba81f6f7ac673f7e0cba3345f5704ee4b507f.pdf,1,1
/home/yonah/PDFdata/pdfnormal/6bdc7b0a3233e098b7b0680878d88744d8d1ddbe.pdf,0,0
/home/yonah/PDFdata/pdfnormal/6bf229cddc9f08bb7e6fcae00c9a65822f149c8b.pdf,1,1
/home/yonah/PDFdata/pdfnormal/6c96010508f454957f52ae07f2650449580f6437.pdf,0,0
/home/yonah/PDFdata/pdfnormal/6d09871d21d31a70b8fedf8cc229c01fabc6c6d0.pdf,1,1
/home/yonah/PDFdata/pdfnormal/6d0ceb51e5b21044136d0d4c67dc4f8621d5b8b2.pdf,1,1
/home/yonah/PDFdata/pdfnormal/6d3305957294ae9733f1227e41c3626990c50738.pdf,1,1
/home/yonah/PDFdata/pdfnormal/6d3be5541ed352b652886cc7cd0f1d2a46ba7c7d.pdf,1,1
/home/yonah/PDFdata/pdfnormal/6d661b297438175fc2a21b74da046d1518c092ad.pdf,1,1
/home/yonah/PDFdata/pdfnormal/6d6c9768ebd13dee61e23ac313510cd5217806f0.pdf,0,0
/home/yonah/PDFdata/pdfnormal/6d92bc42210ac8cadda20a891bee8f1dac216e09.pdf,0,0
/home/yonah/PDFdata/pdfnormal/6d9d25103c908ff7eb0e1687e5f40734c1f93c71.pdf,1,1
/home/yonah/PDFdata/pdfnormal/6dac857618c51a0a3fe637027ef48e31169dc1a6.pdf,0,0
/home/yonah/PDFdata/pdfnormal/6de770ad2b6938ef08cc4300ef06035807b8dd38.pdf,1,1
/home/yonah/PDFdata/pdfnormal/6e248466cabf9bc7f91c923f08a025010b02c25e.pdf,1,1
/home/yonah/PDFdata/pdfnormal/6e2a145ec212bf9b804c60b6188086331c46a2a6.pdf,1,1
/home/yonah/PDFdata/pdfnormal/6e33fc1c258e462a628340bf0d23e893819d5ef4.pdf,0,0
/home/yonah/PDFdata/pdfnormal/6ec82eee16b3138fdd572dc2534725e158bb11a7.pdf,1,1
/home/yonah/PDFdata/pdfnormal/6ed44542d53986f535a03e6f8305f4f2ef466ff5.pdf,1,1
/home/yonah/PDFdata/pdfnormal/6f01d469c2ecc9fa853a8c4e6a27b3ff396244a5.pdf,1,1
/home/yonah/PDFdata/pdfnormal/6f1116778705f53bc902135d5a84272f8493f3a5.pdf,0,0
/home/yonah/PDFdata/pdfnormal/6f273fcd116c87f364998483d8e48cfa9fff3c72.pdf,0,0
/home/yonah/PDFdata/pdfnormal/6f5b2c7f0ab79b44c69889254bbed70688b1e9f5.pdf,1,1
/home/yonah/PDFdata/pdfnormal/6f64adf64d7a428866fdaacb06fa7a840dcc3586.pdf,1,1
/home/yonah/PDFdata/pdfnormal/6f6a1c6c020aff398ba15d467a5a8a378d86209e.pdf,0,0
/home/yonah/PDFdata/pdfnormal/6fba6fcac7a3ba4678a074dff7a8a9a6e6956f13.pdf,1,1
/home/yonah/PDFdata/pdfnormal/6fd21cc84a258cd9ecf6642e799df26fddb26f0c.pdf,0,0
/home/yonah/PDFdata/pdfnormal/6fe5430719aafd57d2a795a107b84110a6163a64.pdf,1,1
/home/yonah/PDFdata/pdfnormal/6ff27b360b00cd4ffe021c98765723f9bb2131e8.pdf,0,0
/home/yonah/PDFdata/pdfnormal/6ff4a599abdb88deecdc9b74adc995a5cb2d6949.pdf,1,1
/home/yonah/PDFdata/pdfnormal/700b1a4cb22e0536c6d514f6d576811c13c593be.pdf,0,0
/home/yonah/PDFdata/pdfnormal/7025888f3fcdf676b8a76f613172f79fbec2cb36.pdf,1,1
/home/yonah/PDFdata/pdfnormal/70b4ba2acd0d19110a4d28cc37690bd7a38c53c6.pdf,0,0
/home/yonah/PDFdata/pdfnormal/70b52cc78411abc1612a2f0e989ba582e10dfea7.pdf,1,1
/home/yonah/PDFdata/pdfnormal/70b8a7876954829cb7a024573a31a1d7f9dd68ed.pdf,0,0
/home/yonah/PDFdata/pdfnormal/70bd8a2054d7ec7d068975fe7624b6a632eb83c5.pdf,0,0
/home/yonah/PDFdata/pdfnormal/70c8f6272f479816052125b2e6ef91a9215c6618.pdf,0,0
/home/yonah/PDFdata/pdfnormal/70fd8d1d69aee250708e6605d5af93fd1621317a.pdf,1,1
/home/yonah/PDFdata/pdfnormal/713c3bd82c9b5911e2d9aca1fbb57cd109fac94c.pdf,1,1
/home/yonah/PDFdata/pdfnormal/716b069b6c5bf04e9e3607ea39a17a1fdf42bb36.pdf,0,0
/home/yonah/PDFdata/pdfnormal/71a26383152c27b9c0ff0f9d6b79f3d66c38e5bc.pdf,1,1
/home/yonah/PDFdata/pdfnormal/71a76cd2fdf10c1aef5bd1744ac1268124425437.pdf,1,1
/home/yonah/PDFdata/pdfnormal/71b646d947260438017b485f58f2ee0eb1d1698b.pdf,1,1
/home/yonah/PDFdata/pdfnormal/71bb7d18547c920c65ccf3b5a8a19afb2f4fcafc.pdf,1,1
/home/yonah/PDFdata/pdfnormal/71c5dd36513f829c209d679fec546c817858298b.pdf,1,1
/home/yonah/PDFdata/pdfnormal/71d76ec7bbd0251952d9ff6a0be97eacba7fd98e.pdf,0,0
/home/yonah/PDFdata/pdfnormal/7204a1d69d23ab11b3fd1499a7250c8db589356b.pdf,0,0
/home/yonah/PDFdata/pdfnormal/72302f553020e1d38eda65aa2d190171daf4e369.pdf,1,1
/home/yonah/PDFdata/pdfnormal/72343e14d8c9db0a3ce585a0bc4611e69cf7915b.pdf,0,0
/home/yonah/PDFdata/pdfnormal/7243fa6e05245e75a0308544399bcd921aaf7c30.pdf,0,0
/home/yonah/PDFdata/pdfnormal/724419446b5ee41792e3e3cb258e07371aa2ec2e.pdf,0,0
/home/yonah/PDFdata/pdfnormal/72476c2fe280463d314552eb3da66c54a4ef5089.pdf,1,1
/home/yonah/PDFdata/pdfnormal/725408377baf3dee95c04a5ba7b64fbaa9c322ee.pdf,1,1
/home/yonah/PDFdata/pdfnormal/72955208bc291ae47ab72128a13803dce0778618.pdf,0,0
/home/yonah/PDFdata/pdfnormal/7323310149105dbe87ef47664246cb70a4366e8e.pdf,0,0
/home/yonah/PDFdata/pdfnormal/734054614943ec3e8acc16c11eaa4a4da6f8fb0e.pdf,0,0
/home/yonah/PDFdata/pdfnormal/73516e30c5df584cd3dcbad8910340a9f3fc0379.pdf,1,1
/home/yonah/PDFdata/pdfnormal/735bf11ee92e0886a8a81a7d7377e7f5c6701544.pdf,0,0
/home/yonah/PDFdata/pdfnormal/736964375c61f22b7846f09915bc2cd498b1b1c1.pdf,0,0
/home/yonah/PDFdata/pdfnormal/7374d8fb9ea0eb67037d00ec73b3d8d58ebdec08.pdf,0,0
/home/yonah/PDFdata/pdfnormal/738be38802317b2754bc587d2a7cd25cc68ef23e.pdf,0,0
/home/yonah/PDFdata/pdfnormal/73a508a3f16ef4c8e1051968f88fbbff987501a4.pdf,0,0
/home/yonah/PDFdata/pdfnormal/73b9558c2a9e593184cc45e2f9d0a2ca83b6bac9.pdf,1,1
/home/yonah/PDFdata/pdfnormal/73badfe89562ef6c8b6c0aa623dc4d8f0bba5378.pdf,0,0
/home/yonah/PDFdata/pdfnormal/73d1324aa02cb455c4971e2be5a87dd95d66f53b.pdf,1,1
/home/yonah/PDFdata/pdfnormal/740480afb9f41de6a31172e1ddd726cc40ec9875.pdf,0,0
/home/yonah/PDFdata/pdfnormal/749d038a28ccdece7fa3241b93b01988a1365a31.pdf,1,1
/home/yonah/PDFdata/pdfnormal/74a91878b7328aeccc730254eb2801f414ed16e1.pdf,0,0
/home/yonah/PDFdata/pdfnormal/74b7499553eeb47212c354782459cdcb3e29b927.pdf,1,1
/home/yonah/PDFdata/pdfnormal/74deef520f3670aca85589577466175770377892.pdf,0,0
/home/yonah/PDFdata/pdfnormal/74f7a0446bdead48ae84c2d9f26091c23e928b19.pdf,0,0
/home/yonah/PDFdata/pdfnormal/74fb982c6791ec275535d15a0041cc3abd421fe2.pdf,1,1
/home/yonah/PDFdata/pdfnormal/75039b2f8a76a36e7d7592b7653cc685e3a8067e.pdf,0,0
/home/yonah/PDFdata/pdfnormal/75217c8a344823a2165208e248f46f19818efd40.pdf,0,0
/home/yonah/PDFdata/pdfnormal/752ba36dbfecb64d595de4406cfbe8029355064a.pdf,1,1
/home/yonah/PDFdata/pdfnormal/753113a9a8bd859292dab6b34c7d08d4a16154a9.pdf,1,1
/home/yonah/PDFdata/pdfnormal/7582ce2a95e04b7d8dfc3fcb04d670df643478c6.pdf,1,1
/home/yonah/PDFdata/pdfnormal/758eabfcdce507dbb62b72f9c5e0467abffe70cf.pdf,0,0
/home/yonah/PDFdata/pdfnormal/75c30541e6388a33e184449d4629ad2fc5a06847.pdf,1,1
/home/yonah/PDFdata/pdfnormal/75d4484417372a9652734b67f41ff326fb042f7e.pdf,0,0
/home/yonah/PDFdata/pdfnormal/75d4df024e0f3182a6036a793464d0f23c55631e.pdf,0,0
/home/yonah/PDFdata/pdfnormal/761d25a66109dd42dfccd58f38c8cb588482d206.pdf,1,1
/home/yonah/PDFdata/pdfnormal/763877fac40811cc44e6c2c0ce6db9796de15acd.pdf,0,0
/home/yonah/PDFdata/pdfnormal/76580a68148461d22f73fd46e4c280f387e83860.pdf,0,0
/home/yonah/PDFdata/pdfnormal/7671a95a29aaacb1cec9bc7240096535f35d356c.pdf,1,1
/home/yonah/PDFdata/pdfnormal/769f11aec32f71f8a74d984ac10ab272024180eb.pdf,0,0
/home/yonah/PDFdata/pdfnormal/76c45ec96b79f443cd0a83421396935f3ccd8f56.pdf,1,1
/home/yonah/PDFdata/pdfnormal/76d017c2980720ccb157ebb07639427298943a87.pdf,0,0
/home/yonah/PDFdata/pdfnormal/770629b09c5626bec272f4591653541271e00177.pdf,0,0
/home/yonah/PDFdata/pdfnormal/77680b373494139c8cef7de55f0896ed31e5c420.pdf,1,1
/home/yonah/PDFdata/pdfnormal/776cb64e5b585c5c082ff5a2498a2805880de9b3.pdf,1,1
/home/yonah/PDFdata/pdfnormal/7778bf3029ab15ee3305d9fa4b41ac9bf0338fc2.pdf,0,0
/home/yonah/PDFdata/pdfnormal/779b1cd283ef1957c87067b2c3a9a55e26ef4e4f.pdf,1,1
/home/yonah/PDFdata/pdfnormal/779e5f0cf068736feac9145a97f6431b1ebf92c8.pdf,0,0
/home/yonah/PDFdata/pdfnormal/77ab9bd725dadf2b31fce5a00565d75a67a5b0ae.pdf,0,0
/home/yonah/PDFdata/pdfnormal/77b5df045494dea8aa31ec745b2688665d88d385.pdf,1,1
/home/yonah/PDFdata/pdfnormal/77c04eada90a6078c19763f1e5b473478298f359.pdf,0,0
/home/yonah/PDFdata/pdfnormal/77ee26f3cc428ca7aec028cb4861077b5608b182.pdf,1,1
/home/yonah/PDFdata/pdfnormal/783a0d65bbc2bd985f2773a4a143d9dbdf3c7e1b.pdf,1,1
/home/yonah/PDFdata/pdfnormal/790f37fb04e9c559a29a0a01f3f6960c7b089a2e.pdf,1,1
/home/yonah/PDFdata/pdfnormal/7915b09e9b2cdd7571cf43afcc793a446902d95b.pdf,1,1
/home/yonah/PDFdata/pdfnormal/7935681e5b0fc1bffbd3ac3341396f9d1c967de0.pdf,0,0
/home/yonah/PDFdata/pdfnormal/793cbc200af34706f9910f56c922ae2e5708c357.pdf,0,0
/home/yonah/PDFdata/pdfnormal/794d4391bd92cd60fcde213b00856e205b0b6da6.pdf,1,1
/home/yonah/PDFdata/pdfnormal/794dd1fdbc9662ad231ed8066889c8c18b1a5c23.pdf,0,0
/home/yonah/PDFdata/pdfnormal/79c95c914450c07a7792e7eb43e1881b2931ec8b.pdf,0,0
/home/yonah/PDFdata/pdfnormal/79d8beb96d75d47bbb3a905d7cc17f70a517e5b9.pdf,1,1
/home/yonah/PDFdata/pdfnormal/79e5658b5a49dc132574e9d72de8436e94fb0314.pdf,0,0
/home/yonah/PDFdata/pdfnormal/79f30db9d6d6969a9b38795f8c9370a77b9ea7fd.pdf,1,1
/home/yonah/PDFdata/pdfnormal/7a8e512376a88bc890827f451feeba200d46e369.pdf,0,0
/home/yonah/PDFdata/pdfnormal/7a97c8398ab0f1cf2731b21d3df53a01f4787b7b.pdf,1,1
/home/yonah/PDFdata/pdfnormal/7adccd30a17a625a3470074b043fed35ab7a5b77.pdf,1,1
/home/yonah/PDFdata/pdfnormal/7add32c7754c9981cc9bcd917d3de8c9806ce7e7.pdf,0,0
/home/yonah/PDFdata/pdfnormal/7b7b0db1acfc176c2f9fcb7c1f959a09b1e8e7e4.pdf,1,1
/home/yonah/PDFdata/pdfnormal/7b7eec7f428a483cbca6de170b0d9986ee292cbc.pdf,1,1
/home/yonah/PDFdata/pdfnormal/7bbb27b29f5520ef58f26943a8a51a1f79c6ebc6.pdf,0,0
/home/yonah/PDFdata/pdfnormal/7bdef8012b2d5d99d66a044eadcffa6178e9c81c.pdf,1,1
/home/yonah/PDFdata/pdfnormal/7c020247c7dcf4463ad20b12900d4676ebbf3977.pdf,1,1
/home/yonah/PDFdata/pdfnormal/7c2a7408ad3fe771fd826fce9481a9212b6de573.pdf,1,1
/home/yonah/PDFdata/pdfnormal/7c2b077c5902d0f2b37c3092a186570a15acd854.pdf,1,1
/home/yonah/PDFdata/pdfnormal/7c6e5944155b552bcf84e0876d65722c158705f5.pdf,1,1
/home/yonah/PDFdata/pdfnormal/7c77616603621db0d4770316e1e0ddc362e1bce4.pdf,0,0
/home/yonah/PDFdata/pdfnormal/7ce204aa85034cb2168de519b57d4e2c5e4a57dd.pdf,1,1
/home/yonah/PDFdata/pdfnormal/7cfaebc94f4e846d0dea4238d62dfab036dee973.pdf,1,1
/home/yonah/PDFdata/pdfnormal/7cfc17a9c9e2d57cbd59ec417ee0f505b63f6278.pdf,1,1
/home/yonah/PDFdata/pdfnormal/7d1dec77cac7570d527892eb761202e125c2471c.pdf,1,1
/home/yonah/PDFdata/pdfnormal/7d1fb1ad2af4357bc5ab9dee56978276af6e52b5.pdf,1,1
/home/yonah/PDFdata/pdfnormal/7d23e2bfa4f5fb11812d4b00366733e736dde290.pdf,1,1
/home/yonah/PDFdata/pdfnormal/7d8fb1f38448f58ee25b7dfa84af26b06aaa6cde.pdf,0,0
/home/yonah/PDFdata/pdfnormal/7da8a242815fc975bd62d8253b40b3d7570762bc.pdf,1,1
/home/yonah/PDFdata/pdfnormal/7de270a2c1fa3f09d9e6f71c143b7f38e6fa2253.pdf,1,1
/home/yonah/PDFdata/pdfnormal/7e176e65af1e3c3b5b7d9ca4afa39e33887a61f1.pdf,0,0
/home/yonah/PDFdata/pdfnormal/7e1864d10bb6331a41ed3881abd92906c2a6e1a2.pdf,0,0
/home/yonah/PDFdata/pdfnormal/7e1954e1e42112eafe19269361e35464bb0c8ede.pdf,0,1
/home/yonah/PDFdata/pdfnormal/7e3cdd0d10644e4de371bb5b77a8364567b66109.pdf,1,1
/home/yonah/PDFdata/pdfnormal/7e66a7c00e0f1c16bf99f16278113258cd1df521.pdf,0,0
/home/yonah/PDFdata/pdfnormal/7e91bc9fc0259ab1c565559213b8b1b1d483809a.pdf,0,0
/home/yonah/PDFdata/pdfnormal/7eb667d2598d6d3dfb32a97cf30bad61cab26012.pdf,0,0
/home/yonah/PDFdata/pdfnormal/7eba1c39d8473b20165b4625ee70873cec49e309.pdf,0,0
/home/yonah/PDFdata/pdfnormal/7f1b1ff2af6a371a4da9dbacae7e98b3625da749.pdf,1,1
/home/yonah/PDFdata/pdfnormal/7f1e1ecfbde2d496759a1b48a43636004a17bb26.pdf,1,1
/home/yonah/PDFdata/pdfnormal/7f3f25500be7d57877c6042a4459b9405a9d5125.pdf,1,1
/home/yonah/PDFdata/pdfnormal/7f52888c95015970e72875167c9d7b358abf013b.pdf,0,0
/home/yonah/PDFdata/pdfnormal/7f83ac8e3b8d773e5d445742282ebe9803bbc7f6.pdf,0,0
/home/yonah/PDFdata/pdfnormal/7f90f85673df35f131233d9bfdbeed4be2e045f0.pdf,1,1
/home/yonah/PDFdata/pdfnormal/7f9d0cb240f8c074e8556ab3b09ed763e844108e.pdf,1,1
/home/yonah/PDFdata/pdfnormal/7fa89a78226266dac6291e44628ad00456730093.pdf,1,1
/home/yonah/PDFdata/pdfnormal/7faa5f42f00ee984e812450f7394205b010a46c1.pdf,0,0
/home/yonah/PDFdata/pdfnormal/804d42e688cff9460d6ebe5d353f5c787fb7b505.pdf,1,1
/home/yonah/PDFdata/pdfnormal/805d748df87bd4325bee38925f6e6638fa357ae8.pdf,0,0
/home/yonah/PDFdata/pdfnormal/807cb78ff1eb75446bffd64f6a80014020b84be6.pdf,1,1
/home/yonah/PDFdata/pdfnormal/807ebe3a6f890b765e77ce7b38416164f6fb602c.pdf,1,1
/home/yonah/PDFdata/pdfnormal/80a60d4f5d5921533b4b3cf15d77354b2d2bb8da.pdf,0,0
/home/yonah/PDFdata/pdfnormal/80b67fc5b211345e498c5a6c1df5d2108f9e70b4.pdf,0,0
/home/yonah/PDFdata/pdfnormal/80c12638e5d9a02a114af05b6344cbc215cf02fc.pdf,1,1
/home/yonah/PDFdata/pdfnormal/80dc40435da0170ffe8a43a92724b2e105bcecb1.pdf,0,0
/home/yonah/PDFdata/pdfnormal/810b8c6f45a8215699d4990eb78119f10b0e1043.pdf,1,1
/home/yonah/PDFdata/pdfnormal/8111414842d790d2101a5b7faa8f31d97bf10c74.pdf,0,0
/home/yonah/PDFdata/pdfnormal/814ff438a8a036704cdbded7235f12296b14a461.pdf,0,0
/home/yonah/PDFdata/pdfnormal/81654728396857545f8767f89dcdfdff7dcfdeb0.pdf,0,0
/home/yonah/PDFdata/pdfnormal/81b6d9433899683dfdac9f922ea1bf462bd841d3.pdf,1,1
/home/yonah/PDFdata/pdfnormal/81b86e196b01ea514bed5d18082b9c8d0370fa81.pdf,1,1
/home/yonah/PDFdata/pdfnormal/81ea46f30ff014ac7f1495ffbc1cc5592fcd34e2.pdf,1,1
/home/yonah/PDFdata/pdfnormal/822d8f3dfcbd7972d886184da3edd2e0ae71960f.pdf,1,1
/home/yonah/PDFdata/pdfnormal/8248b56224484112e5dd4120a7f3af4dbec95791.pdf,0,0
/home/yonah/PDFdata/pdfnormal/82998ba1b9c3e4a333e59609c62049df537574ba.pdf,1,1
/home/yonah/PDFdata/pdfnormal/82b2c8985ed0b04f31a4f4a2f1fb8099e00ba0b3.pdf,0,0
/home/yonah/PDFdata/pdfnormal/82f71a8472f89f609be780734dffa2b76978b820.pdf,0,0
/home/yonah/PDFdata/pdfnormal/83349d102c3fd806ad8e559f37d438b691830365.pdf,1,1
/home/yonah/PDFdata/pdfnormal/83b32fe8818ad5def22b6616eac0d91475608f85.pdf,0,0
/home/yonah/PDFdata/pdfnormal/83dff414cc7d1a82f66c374a3b21cadc2a5168ca.pdf,1,1
/home/yonah/PDFdata/pdfnormal/8410d3a5584a3bb4d934c069c71bc565edad9ec8.pdf,1,1
/home/yonah/PDFdata/pdfnormal/8426338c207f5734d99b9fda37f283cc95c8659e.pdf,0,0
/home/yonah/PDFdata/pdfnormal/843b97a1d292dfcb9fc397744704051b97698628.pdf,0,0
/home/yonah/PDFdata/pdfnormal/84725c34908e255ab3421ce2bd60732260b5ea1e.pdf,1,1
/home/yonah/PDFdata/pdfnormal/84785616e97ee9f5a6fed5ccc0c34f63e713ac0d.pdf,1,1
/home/yonah/PDFdata/pdfnormal/84b2bd193beacf13b34a1b660e9dad671b3ef1e1.pdf,1,1
/home/yonah/PDFdata/pdfnormal/84e5cae650201884a08a0b9cbf0e9b723442ef81.pdf,0,0
/home/yonah/PDFdata/pdfnormal/84f902f94f4f0e4b21c3b02b44e62986c1081fe8.pdf,0,0
/home/yonah/PDFdata/pdfnormal/8502502352c551ee303a3da9145c2504eeea2ff8.pdf,1,1
/home/yonah/PDFdata/pdfnormal/8534ace9c83b0c47e6ee629194ed57af8c1bc71e.pdf,0,0
/home/yonah/PDFdata/pdfnormal/854e139fb9716de5571ea688c1a65e8ff659ff8f.pdf,1,1
/home/yonah/PDFdata/pdfnormal/856120e535bfc21866e65c25390db086bea95bf7.pdf,0,0
/home/yonah/PDFdata/pdfnormal/856b10b8bcf59d13c33f9a745faaa8bffcd1646e.pdf,1,1
/home/yonah/PDFdata/pdfnormal/8588cbc966ec01e2369116ecbd783d579141b62b.pdf,0,0
/home/yonah/PDFdata/pdfnormal/859b9d2b37ee25447e84d1c62493d5b7cfdff0f1.pdf,0,0
/home/yonah/PDFdata/pdfnormal/85cdd4c24fa1de18026c1fcddc81a08e6f2397d1.pdf,0,0
/home/yonah/PDFdata/pdfnormal/85d62471c746367810fb244c080b0375435e1146.pdf,1,1
/home/yonah/PDFdata/pdfnormal/85e514bfc105dbe51d3befdd9041a60ee54402c1.pdf,1,1
/home/yonah/PDFdata/pdfnormal/8606c7cd0b4df6f12e6a74b36ba831b9ddd22e18.pdf,0,0
/home/yonah/PDFdata/pdfnormal/862d1fd73cb6a81363d116ba94ba2b6fa58c386f.pdf,1,1
/home/yonah/PDFdata/pdfnormal/862d74bce4d0e85c86e6f30504eee56516acb7d7.pdf,1,1
/home/yonah/PDFdata/pdfnormal/869388e22bce4ac49c980654d9846edb0ce4f405.pdf,0,0
/home/yonah/PDFdata/pdfnormal/8698dcb2910db0238a469bd2b902e355478d9b32.pdf,1,1
/home/yonah/PDFdata/pdfnormal/86a5063506d610401ee02518e401860e40fcd17e.pdf,0,0
/home/yonah/PDFdata/pdfnormal/86f0eb2abfc79653f918daeece1a4ad81e84be99.pdf,0,0
/home/yonah/PDFdata/pdfnormal/8717a75bfe43f7cab935588899955d830aef5a1a.pdf,0,0
/home/yonah/PDFdata/pdfnormal/872bb1ed4f832f206208053c4eaa6ac6defc07a7.pdf,1,1
/home/yonah/PDFdata/pdfnormal/8754ab232263d5fe221f05b90cce8fd3f917b36c.pdf,1,1
/home/yonah/PDFdata/pdfnormal/8796bd684a7e425952c3e4ef903ef98c3e898e70.pdf,0,0
/home/yonah/PDFdata/pdfnormal/87d4161a21a03dcc0d34bc1c3ad8c7d7585f9676.pdf,0,0
/home/yonah/PDFdata/pdfnormal/882ad6eabd29ba14561a313fefdc4063759d4138.pdf,1,1
/home/yonah/PDFdata/pdfnormal/882ddeba3007ff510650626077cf119659f316ad.pdf,0,0
/home/yonah/PDFdata/pdfnormal/8833bf420654280bc88af0ed4f81391fe54a071f.pdf,0,0
/home/yonah/PDFdata/pdfnormal/88341f9ca2de949f43d49f3144cdb1436ca8bf1d.pdf,0,0
/home/yonah/PDFdata/pdfnormal/88375a934147e95bd354475c942730735fe164dc.pdf,1,1
/home/yonah/PDFdata/pdfnormal/8841238864f2f94ebf408f75ae5e69c465eb6cb8.pdf,1,1
/home/yonah/PDFdata/pdfnormal/887624b45f3787a64a776c977c112881a60d7c7c.pdf,1,1
/home/yonah/PDFdata/pdfnormal/88853a14d0f8954631309586558a6b55815e4bee.pdf,1,1
/home/yonah/PDFdata/pdfnormal/889b6f15800d9354526cda91319d539e2bcf8733.pdf,1,1
/home/yonah/PDFdata/pdfnormal/88bfe1f86e1a2ffee5526a709efd88281566a27d.pdf,1,1
/home/yonah/PDFdata/pdfnormal/88df2e436bf5415351679036e2befd64d7a5f419.pdf,1,1
/home/yonah/PDFdata/pdfnormal/890afabec96dd18e63dbf7a11ca3fc74326d0fe7.pdf,0,0
/home/yonah/PDFdata/pdfnormal/890b2084c44fd83bfe06292cddf8089608f78218.pdf,0,0
/home/yonah/PDFdata/pdfnormal/8923475fa5586794b79b5d83fede403812154077.pdf,0,0
/home/yonah/PDFdata/pdfnormal/8978842201ebbc27f5845ace5cf932dc140311ad.pdf,1,1
/home/yonah/PDFdata/pdfnormal/897a3ecd07e488fef10bc7f8e043d287b0a04a7d.pdf,0,1
/home/yonah/PDFdata/pdfnormal/899fa5b8e7aa5bd12cfaf3c571f2fa318dcef005.pdf,0,0
/home/yonah/PDFdata/pdfnormal/89aab1a2ae77022ab1390ce7292c1f12052afb64.pdf,0,0
/home/yonah/PDFdata/pdfnormal/89dcc1c26e59557d67921954aa28a5ebac100400.pdf,1,1
/home/yonah/PDFdata/pdfnormal/89e9e5c130d8522690bae8379bb3f79f79f7fd72.pdf,0,0
/home/yonah/PDFdata/pdfnormal/8a339750521deae5109e9cced6ddc468fae70e76.pdf,1,1
/home/yonah/PDFdata/pdfnormal/8a46c243f3085df7629a2626f46d81df6ae01cac.pdf,0,0
/home/yonah/PDFdata/pdfnormal/8a5fecc8aa0bece2a5b078554af9fcf9c01f065a.pdf,1,1
/home/yonah/PDFdata/pdfnormal/8a6114284feeb219077393c13d49386b2698b574.pdf,0,0
/home/yonah/PDFdata/pdfnormal/8a66e1867efcfd68364e69c784660aff932ebaac.pdf,1,1
/home/yonah/PDFdata/pdfnormal/8a7add12f295ba10669d6d01d35cb1f2a24bf8f9.pdf,1,1
/home/yonah/PDFdata/pdfnormal/8a8780335ee7e4c7c175463dfc2873c6294448ed.pdf,0,0
/home/yonah/PDFdata/pdfnormal/8a9c6f371d019d2b1465b396a1d85ad2fe2b93b3.pdf,1,1
/home/yonah/PDFdata/pdfnormal/8ab4c61d0a3743495abc6112be9c87ba834646d6.pdf,0,0
/home/yonah/PDFdata/pdfnormal/8b134ca7f4eec85911e8ae08d962c3112a3d7fa4.pdf,0,0
/home/yonah/PDFdata/pdfnormal/8b2f108eaf1f0247524c6b04e82ed7ca4e163e49.pdf,0,0
/home/yonah/PDFdata/pdfnormal/8b3586f5eac536782da937314ec5a52e47979002.pdf,1,1
/home/yonah/PDFdata/pdfnormal/8b468ec2edb200c9cc34f50ec763154617318e4d.pdf,0,0
